1,sub-NDARINV01NAYMZH,run-03
2,sub-NDARINV01NAYMZH,run-04
3,sub-NDARINV01NAYMZH,run-01
4,sub-NDARINV01NAYMZH,run-02
5,sub-NDARINV01AJ15N9,run-02
6,sub-NDARINV01AJ15N9,run-01
7,sub-NDARINV01AJ15N9,run-03
8,sub-NDARINV059VLAHF,run-02
9,sub-NDARINV059VLAHF,run-03
10,sub-NDARINV059VLAHF,run-01
11,sub-NDARINV05YY477E,run-03
12,sub-NDARINV05YY477E,run-02
13,sub-NDARINV05YY477E,run-01
14,sub-NDARINV06WHVUPX,run-04
15,sub-NDARINV06WHVUPX,run-03
16,sub-NDARINV06WHVUPX,run-02
17,sub-NDARINV06WHVUPX,run-01
18,sub-NDARINV05X0LM1N,run-03
19,sub-NDARINV05X0LM1N,run-02
20,sub-NDARINV05X0LM1N,run-01
21,sub-NDARINV07HGA3B7,run-03
22,sub-NDARINV07HGA3B7,run-02
23,sub-NDARINV07HGA3B7,run-01
24,sub-NDARINV07THBLHG,run-04
25,sub-NDARINV07THBLHG,run-03
26,sub-NDARINV085CYDEZ,run-03
27,sub-NDARINV085CYDEZ,run-02
28,sub-NDARINV085CYDEZ,run-01
29,sub-NDARINV08GBDG8X,run-04
30,sub-NDARINV08GBDG8X,run-03
31,sub-NDARINV08GBDG8X,run-02
32,sub-NDARINV0BXXNBH4,run-03
33,sub-NDARINV0BXXNBH4,run-02
34,sub-NDARINV0BXXNBH4,run-01
35,sub-NDARINV0CCEN5K2,run-02
36,sub-NDARINV0CCEN5K2,run-03
37,sub-NDARINV0CCEN5K2,run-01
38,sub-NDARINV0CCVJ39W,run-03
39,sub-NDARINV0CCVJ39W,run-02
40,sub-NDARINV0CCVJ39W,run-01
41,sub-NDARINV0CF1U8X8,run-03
42,sub-NDARINV0CF1U8X8,run-02
43,sub-NDARINV0CF1U8X8,run-01
44,sub-NDARINV0DUXE0ZA,run-03
45,sub-NDARINV0DUXE0ZA,run-02
46,sub-NDARINV0DUXE0ZA,run-01
47,sub-NDARINV0P4XZMZA,run-04
48,sub-NDARINV0P4XZMZA,run-03
49,sub-NDARINV0P4XZMZA,run-02
50,sub-NDARINV0P4XZMZA,run-01
51,sub-NDARINV0PRHUTZA,run-04
52,sub-NDARINV0PRHUTZA,run-02
53,sub-NDARINV0PRHUTZA,run-01
54,sub-NDARINV0TTJA443,run-03
55,sub-NDARINV0TTJA443,run-02
56,sub-NDARINV0TTJA443,run-01
57,sub-NDARINV0V1TYBKE,run-04
58,sub-NDARINV0V1TYBKE,run-03
59,sub-NDARINV0V1TYBKE,run-02
60,sub-NDARINV0V1TYBKE,run-01
61,sub-NDARINV0V9W14U5,run-04
62,sub-NDARINV0V9W14U5,run-03
63,sub-NDARINV0V9W14U5,run-02
64,sub-NDARINV0V9W14U5,run-01
65,sub-NDARINV0VVG7LYB,run-04
66,sub-NDARINV0VVG7LYB,run-03
67,sub-NDARINV0VVG7LYB,run-02
68,sub-NDARINV0VVG7LYB,run-01
69,sub-NDARINV10K9CVX2,run-04
70,sub-NDARINV10K9CVX2,run-03
71,sub-NDARINV10K9CVX2,run-02
72,sub-NDARINV10K9CVX2,run-01
73,sub-NDARINV165NRNVG,run-04
74,sub-NDARINV165NRNVG,run-01
75,sub-NDARINV165NRNVG,run-03
76,sub-NDARINV165NRNVG,run-02
77,sub-NDARINV18E23PK7,run-03
78,sub-NDARINV18E23PK7,run-02
79,sub-NDARINV18E23PK7,run-01
80,sub-NDARINV19BR9YHW,run-04
81,sub-NDARINV19BR9YHW,run-01
82,sub-NDARINV19BR9YHW,run-03
83,sub-NDARINV19BR9YHW,run-02
84,sub-NDARINV19GP5HLJ,run-04
85,sub-NDARINV19GP5HLJ,run-03
86,sub-NDARINV19GP5HLJ,run-02
87,sub-NDARINV19GP5HLJ,run-01
88,sub-NDARINV19ZM2GTU,run-01
89,sub-NDARINV19ZM2GTU,run-03
90,sub-NDARINV19ZM2GTU,run-02
91,sub-NDARINV1AA2VG9C,run-04
92,sub-NDARINV1AA2VG9C,run-01
93,sub-NDARINV1AA2VG9C,run-03
94,sub-NDARINV1AA2VG9C,run-02
95,sub-NDARINV1ACWERC3,run-04
96,sub-NDARINV1ACWERC3,run-01
97,sub-NDARINV1ACWERC3,run-03
98,sub-NDARINV1ACWERC3,run-02
99,sub-NDARINV1BE1UD48,run-02
100,sub-NDARINV1BE1UD48,run-01
101,sub-NDARINV1BUXN6LH,run-04
102,sub-NDARINV1BUXN6LH,run-03
103,sub-NDARINV1BUXN6LH,run-01
104,sub-NDARINV1BUXN6LH,run-02
105,sub-NDARINV1F5BKK61,run-04
106,sub-NDARINV1F5BKK61,run-03
107,sub-NDARINV1F5BKK61,run-02
108,sub-NDARINV1F5BKK61,run-01
109,sub-NDARINV1JC1WW5Y,run-03
110,sub-NDARINV1JC1WW5Y,run-02
111,sub-NDARINV1JC1WW5Y,run-01
112,sub-NDARINV1KP8VFVR,run-04
113,sub-NDARINV1KP8VFVR,run-01
114,sub-NDARINV1KP8VFVR,run-03
115,sub-NDARINV1KP8VFVR,run-02
116,sub-NDARINV1P7L5P3B,run-03
117,sub-NDARINV1P7L5P3B,run-02
118,sub-NDARINV1P7L5P3B,run-01
119,sub-NDARINV1UNYCP25,run-04
120,sub-NDARINV1UNYCP25,run-03
121,sub-NDARINV1UNYCP25,run-02
122,sub-NDARINV1UNYCP25,run-01
123,sub-NDARINV1UWWV5JP,run-04
124,sub-NDARINV1UWWV5JP,run-03
125,sub-NDARINV1UWWV5JP,run-02
126,sub-NDARINV1UWWV5JP,run-01
127,sub-NDARINV1Y3BE09E,run-04
128,sub-NDARINV1Y3BE09E,run-01
129,sub-NDARINV1Y3BE09E,run-03
130,sub-NDARINV1Y3BE09E,run-02
131,sub-NDARINV20MXZPW5,run-04
132,sub-NDARINV20MXZPW5,run-03
133,sub-NDARINV20MXZPW5,run-02
134,sub-NDARINV20MXZPW5,run-01
135,sub-NDARINV21KEUZ1N,run-04
136,sub-NDARINV21KEUZ1N,run-01
137,sub-NDARINV21KEUZ1N,run-03
138,sub-NDARINV21KEUZ1N,run-02
139,sub-NDARINV21VH8BF0,run-04
140,sub-NDARINV21VH8BF0,run-01
141,sub-NDARINV21VH8BF0,run-03
142,sub-NDARINV21VH8BF0,run-02
143,sub-NDARINV24V8FLZ3,run-04
144,sub-NDARINV24V8FLZ3,run-01
145,sub-NDARINV24V8FLZ3,run-03
146,sub-NDARINV24V8FLZ3,run-02
147,sub-NDARINV28NRLWRX,run-04
148,sub-NDARINV28NRLWRX,run-01
149,sub-NDARINV28NRLWRX,run-03
150,sub-NDARINV28NRLWRX,run-02
151,sub-NDARINV2A5C0KWW,run-04
152,sub-NDARINV2A5C0KWW,run-03
153,sub-NDARINV2A5C0KWW,run-02
154,sub-NDARINV2A5C0KWW,run-01
155,sub-NDARINV2AVRCTAA,run-04
156,sub-NDARINV2AVRCTAA,run-01
157,sub-NDARINV2AVRCTAA,run-03
158,sub-NDARINV2AVRCTAA,run-02
159,sub-NDARINV2CW9FCHV,run-04
160,sub-NDARINV2CW9FCHV,run-03
161,sub-NDARINV2CW9FCHV,run-02
162,sub-NDARINV2CW9FCHV,run-01
163,sub-NDARINV2D07F24X,run-04
164,sub-NDARINV2D07F24X,run-02
165,sub-NDARINV2D07F24X,run-03
166,sub-NDARINV2D07F24X,run-01
167,sub-NDARINV2FTTVR8J,run-04
168,sub-NDARINV2FTTVR8J,run-03
169,sub-NDARINV2FTTVR8J,run-02
170,sub-NDARINV2FTTVR8J,run-01
171,sub-NDARINV2KZR1A9A,run-04
172,sub-NDARINV2KZR1A9A,run-03
173,sub-NDARINV2KZR1A9A,run-02
174,sub-NDARINV2KZR1A9A,run-01
175,sub-NDARINV2R0HFJ5Y,run-04
176,sub-NDARINV2R0HFJ5Y,run-03
177,sub-NDARINV2R0HFJ5Y,run-02
178,sub-NDARINV2R0HFJ5Y,run-01
179,sub-NDARINV2R403NWA,run-04
180,sub-NDARINV2R403NWA,run-03
181,sub-NDARINV2R403NWA,run-02
182,sub-NDARINV2R403NWA,run-01
183,sub-NDARINV2V43CKWH,run-03
184,sub-NDARINV2V43CKWH,run-01
185,sub-NDARINV2V43CKWH,run-02
186,sub-NDARINV2W07991D,run-03
187,sub-NDARINV2W07991D,run-02
188,sub-NDARINV2W07991D,run-01
189,sub-NDARINV2X9JB86Z,run-04
190,sub-NDARINV2X9JB86Z,run-03
191,sub-NDARINV2X9JB86Z,run-02
192,sub-NDARINV2X9JB86Z,run-01
193,sub-NDARINV2YJD21VH,run-04
194,sub-NDARINV2YJD21VH,run-01
195,sub-NDARINV2YJD21VH,run-03
196,sub-NDARINV2YJD21VH,run-02
197,sub-NDARINV2YV96ETT,run-05
198,sub-NDARINV2YV96ETT,run-04
199,sub-NDARINV2YV96ETT,run-02
200,sub-NDARINV2Z032PK4,run-04
201,sub-NDARINV2Z032PK4,run-03
202,sub-NDARINV2Z032PK4,run-02
203,sub-NDARINV2Z032PK4,run-01
204,sub-NDARINV2ZC2JPP4,run-04
205,sub-NDARINV2ZC2JPP4,run-03
206,sub-NDARINV2ZC2JPP4,run-02
207,sub-NDARINV2ZC2JPP4,run-01
208,sub-NDARINV32KLKRZC,run-03
209,sub-NDARINV32KLKRZC,run-02
210,sub-NDARINV32KLKRZC,run-01
211,sub-NDARINV330HNJEV,run-04
212,sub-NDARINV330HNJEV,run-03
213,sub-NDARINV330HNJEV,run-02
214,sub-NDARINV330HNJEV,run-01
215,sub-NDARINV33V4RC97,run-04
216,sub-NDARINV33V4RC97,run-03
217,sub-NDARINV33V4RC97,run-02
218,sub-NDARINV33V4RC97,run-01
219,sub-NDARINV355PUM5E,run-03
220,sub-NDARINV355PUM5E,run-02
221,sub-NDARINV355PUM5E,run-01
222,sub-NDARINV35KNHNNM,run-04
223,sub-NDARINV35KNHNNM,run-03
224,sub-NDARINV35KNHNNM,run-02
225,sub-NDARINV35KNHNNM,run-01
226,sub-NDARINV367WJ8ZA,run-03
227,sub-NDARINV367WJ8ZA,run-02
228,sub-NDARINV367WJ8ZA,run-01
229,sub-NDARINV36DKMERA,run-02
230,sub-NDARINV36DKMERA,run-01
231,sub-NDARINV36HCR0T5,run-03
232,sub-NDARINV36HCR0T5,run-02
233,sub-NDARINV36HCR0T5,run-01
234,sub-NDARINV38DJNT05,run-04
235,sub-NDARINV38DJNT05,run-01
236,sub-NDARINV38DJNT05,run-03
237,sub-NDARINV38DJNT05,run-02
238,sub-NDARINV39L5JHFA,run-04
239,sub-NDARINV39L5JHFA,run-03
240,sub-NDARINV39L5JHFA,run-02
241,sub-NDARINV39L5JHFA,run-01
242,sub-NDARINV3A2DLZTM,run-03
243,sub-NDARINV3A2DLZTM,run-02
244,sub-NDARINV3A2DLZTM,run-01
245,sub-NDARINV3ATWJ2YH,run-03
246,sub-NDARINV3ATWJ2YH,run-02
247,sub-NDARINV3ATWJ2YH,run-01
248,sub-NDARINV3B60KLEU,run-03
249,sub-NDARINV3B60KLEU,run-02
250,sub-NDARINV3B60KLEU,run-01
251,sub-NDARINV3BFH48PE,run-03
252,sub-NDARINV3BFH48PE,run-02
253,sub-NDARINV3BFH48PE,run-01
254,sub-NDARINV3BMMWW3X,run-03
255,sub-NDARINV3BMMWW3X,run-02
256,sub-NDARINV3BMMWW3X,run-01
257,sub-NDARINV3CLUDH6D,run-03
258,sub-NDARINV3CLUDH6D,run-02
259,sub-NDARINV3CLUDH6D,run-01
260,sub-NDARINV3MLPX0CG,run-03
261,sub-NDARINV3MLPX0CG,run-02
262,sub-NDARINV3MLPX0CG,run-01
263,sub-NDARINV3PTPRFM5,run-03
264,sub-NDARINV3PTPRFM5,run-02
265,sub-NDARINV3PTPRFM5,run-01
266,sub-NDARINV3R1XMUN2,run-03
267,sub-NDARINV3R1XMUN2,run-04
268,sub-NDARINV3R1XMUN2,run-02
269,sub-NDARINV3R9J4MH0,run-04
270,sub-NDARINV3R9J4MH0,run-01
271,sub-NDARINV3R9J4MH0,run-03
272,sub-NDARINV3R9J4MH0,run-02
273,sub-NDARINV3T4N9EJD,run-04
274,sub-NDARINV3T4N9EJD,run-01
275,sub-NDARINV3T4N9EJD,run-03
276,sub-NDARINV3T4N9EJD,run-02
277,sub-NDARINV3V253V18,run-01
278,sub-NDARINV3V253V18,run-03
279,sub-NDARINV3V253V18,run-02
280,sub-NDARINV3WDYMBWU,run-04
281,sub-NDARINV3WDYMBWU,run-01
282,sub-NDARINV3WDYMBWU,run-03
283,sub-NDARINV3WDYMBWU,run-02
284,sub-NDARINV3Z0RW5RE,run-04
285,sub-NDARINV3Z0RW5RE,run-01
286,sub-NDARINV3Z0RW5RE,run-03
287,sub-NDARINV3Z0RW5RE,run-02
288,sub-NDARINV3ZXWNWZK,run-04
289,sub-NDARINV3ZXWNWZK,run-01
290,sub-NDARINV3ZXWNWZK,run-03
291,sub-NDARINV3ZXWNWZK,run-02
292,sub-NDARINV41964BN4,run-02
293,sub-NDARINV41964BN4,run-03
294,sub-NDARINV462XNPPR,run-04
295,sub-NDARINV462XNPPR,run-03
296,sub-NDARINV462XNPPR,run-02
297,sub-NDARINV462XNPPR,run-01
298,sub-NDARINV474A4X05,run-03
299,sub-NDARINV474A4X05,run-02
300,sub-NDARINV474A4X05,run-01
301,sub-NDARINV48EYUFJ4,run-05
302,sub-NDARINV48EYUFJ4,run-03
303,sub-NDARINV48EYUFJ4,run-02
304,sub-NDARINV48EYUFJ4,run-01
305,sub-NDARINV4C2YD3TH,run-04
306,sub-NDARINV4C2YD3TH,run-03
307,sub-NDARINV4C2YD3TH,run-02
308,sub-NDARINV4C2YD3TH,run-01
309,sub-NDARINV4C616XF8,run-04
310,sub-NDARINV4C616XF8,run-03
311,sub-NDARINV4C616XF8,run-02
312,sub-NDARINV4C616XF8,run-01
313,sub-NDARINV4ET3VY02,run-04
314,sub-NDARINV4ET3VY02,run-03
315,sub-NDARINV4ET3VY02,run-02
316,sub-NDARINV4ET3VY02,run-01
317,sub-NDARINV4F8LNY2K,run-02
318,sub-NDARINV4F8LNY2K,run-01
319,sub-NDARINV4G2RL68U,run-03
320,sub-NDARINV4G2RL68U,run-02
321,sub-NDARINV4G2RL68U,run-01
322,sub-NDARINV4G9T9A6R,run-03
323,sub-NDARINV4G9T9A6R,run-02
324,sub-NDARINV4G9T9A6R,run-01
325,sub-NDARINV4H7G4RXD,run-03
326,sub-NDARINV4H7G4RXD,run-01
327,sub-NDARINV4H7G4RXD,run-02
328,sub-NDARINV4JVM9WML,run-03
329,sub-NDARINV4JVM9WML,run-02
330,sub-NDARINV4JVM9WML,run-01
331,sub-NDARINV4M21YVVK,run-04
332,sub-NDARINV4M21YVVK,run-01
333,sub-NDARINV4M21YVVK,run-03
334,sub-NDARINV4M21YVVK,run-02
335,sub-NDARINV4T1NP49C,run-03
336,sub-NDARINV4T1NP49C,run-02
337,sub-NDARINV4T1NP49C,run-01
338,sub-NDARINV4W2U0GZN,run-03
339,sub-NDARINV4W2U0GZN,run-02
340,sub-NDARINV4W2U0GZN,run-01
341,sub-NDARINV4XTD87JK,run-03
342,sub-NDARINV4XTD87JK,run-02
343,sub-NDARINV4XTD87JK,run-01
344,sub-NDARINV4Y6K99MT,run-03
345,sub-NDARINV4Y6K99MT,run-01
346,sub-NDARINV4Y6K99MT,run-02
347,sub-NDARINV4Z4RC8PH,run-04
348,sub-NDARINV4Z4RC8PH,run-03
349,sub-NDARINV4Z4RC8PH,run-02
350,sub-NDARINV4Z4RC8PH,run-01
351,sub-NDARINV4ZTJFWE1,run-04
352,sub-NDARINV4ZTJFWE1,run-03
353,sub-NDARINV4ZTJFWE1,run-02
354,sub-NDARINV4ZTJFWE1,run-01
355,sub-NDARINV507WXWN7,run-03
356,sub-NDARINV507WXWN7,run-02
357,sub-NDARINV507WXWN7,run-01
358,sub-NDARINV51MR96PG,run-03
359,sub-NDARINV51MR96PG,run-02
360,sub-NDARINV51MR96PG,run-01
361,sub-NDARINV52XG9LJ3,run-04
362,sub-NDARINV52XG9LJ3,run-03
363,sub-NDARINV52XG9LJ3,run-02
364,sub-NDARINV52XG9LJ3,run-01
365,sub-NDARINV56P2568B,run-03
366,sub-NDARINV56P2568B,run-02
367,sub-NDARINV56P2568B,run-01
368,sub-NDARINV56UZU99J,run-04
369,sub-NDARINV56UZU99J,run-03
370,sub-NDARINV56UZU99J,run-02
371,sub-NDARINV56UZU99J,run-01
372,sub-NDARINV59C2MYUA,run-03
373,sub-NDARINV59C2MYUA,run-02
374,sub-NDARINV59C2MYUA,run-01
375,sub-NDARINV5E5N8A4J,run-04
376,sub-NDARINV5E5N8A4J,run-01
377,sub-NDARINV5E5N8A4J,run-03
378,sub-NDARINV5E5N8A4J,run-02
379,sub-NDARINV5FBJ0AJ1,run-03
380,sub-NDARINV5FBJ0AJ1,run-02
381,sub-NDARINV5FBJ0AJ1,run-01
382,sub-NDARINV5HDBZPE1,run-03
383,sub-NDARINV5HDBZPE1,run-02
384,sub-NDARINV5HDBZPE1,run-01
385,sub-NDARINV5LUMKVGJ,run-04
386,sub-NDARINV5LUMKVGJ,run-01
387,sub-NDARINV5LUMKVGJ,run-03
388,sub-NDARINV5LUMKVGJ,run-02
389,sub-NDARINV5NHWRD1C,run-04
390,sub-NDARINV5NHWRD1C,run-02
391,sub-NDARINV5NHWRD1C,run-01
392,sub-NDARINV5PTVY6KC,run-03
393,sub-NDARINV5PTVY6KC,run-02
394,sub-NDARINV5PTVY6KC,run-01
395,sub-NDARINV5T572NVH,run-04
396,sub-NDARINV5T572NVH,run-03
397,sub-NDARINV5T572NVH,run-02
398,sub-NDARINV5T572NVH,run-01
399,sub-NDARINV5YLL09V1,run-04
400,sub-NDARINV5YLL09V1,run-03
401,sub-NDARINV5YLL09V1,run-02
402,sub-NDARINV5YLL09V1,run-01
403,sub-NDARINV64VXDF5P,run-04
404,sub-NDARINV64VXDF5P,run-03
405,sub-NDARINV64VXDF5P,run-02
406,sub-NDARINV64VXDF5P,run-01
407,sub-NDARINV66W9RTUH,run-04
408,sub-NDARINV66W9RTUH,run-02
409,sub-NDARINV66W9RTUH,run-01
410,sub-NDARINV6CG6LPAT,run-04
411,sub-NDARINV6CG6LPAT,run-01
412,sub-NDARINV6CG6LPAT,run-03
413,sub-NDARINV6CG6LPAT,run-02
414,sub-NDARINV6D3TTBKJ,run-04
415,sub-NDARINV6D3TTBKJ,run-03
416,sub-NDARINV6D3TTBKJ,run-02
417,sub-NDARINV6D3TTBKJ,run-01
418,sub-NDARINV6HRC5TN7,run-03
419,sub-NDARINV6HRC5TN7,run-02
420,sub-NDARINV6HRC5TN7,run-01
421,sub-NDARINV6HTEC707,run-05
422,sub-NDARINV6HTEC707,run-03
423,sub-NDARINV6HTEC707,run-02
424,sub-NDARINV6HTEC707,run-01
425,sub-NDARINV6K35WWL0,run-04
426,sub-NDARINV6K35WWL0,run-03
427,sub-NDARINV6K35WWL0,run-02
428,sub-NDARINV6K35WWL0,run-01
429,sub-NDARINV6LBMATCR,run-01
430,sub-NDARINV6LBMATCR,run-03
431,sub-NDARINV6LNG5JWF,run-04
432,sub-NDARINV6LNG5JWF,run-01
433,sub-NDARINV6LNG5JWF,run-03
434,sub-NDARINV6LNG5JWF,run-02
435,sub-NDARINV6MDP38L0,run-04
436,sub-NDARINV6MDP38L0,run-03
437,sub-NDARINV6MDP38L0,run-02
438,sub-NDARINV6MDP38L0,run-01
439,sub-NDARINV6N503HJZ,run-03
440,sub-NDARINV6N503HJZ,run-02
441,sub-NDARINV6N503HJZ,run-01
442,sub-NDARINV6U7X519L,run-03
443,sub-NDARINV6U7X519L,run-02
444,sub-NDARINV6U7X519L,run-01
445,sub-NDARINV6UU2L6YJ,run-04
446,sub-NDARINV6UU2L6YJ,run-03
447,sub-NDARINV6UU2L6YJ,run-02
448,sub-NDARINV6UU2L6YJ,run-01
449,sub-NDARINV6X9U8P56,run-03
450,sub-NDARINV6X9U8P56,run-02
451,sub-NDARINV6X9U8P56,run-01
452,sub-NDARINV6ZTLWMWW,run-04
453,sub-NDARINV6ZTLWMWW,run-03
454,sub-NDARINV6ZTLWMWW,run-02
455,sub-NDARINV6ZTLWMWW,run-01
456,sub-NDARINV71MKD752,run-04
457,sub-NDARINV71MKD752,run-01
458,sub-NDARINV71MKD752,run-03
459,sub-NDARINV71MKD752,run-02
460,sub-NDARINV723AA4WA,run-04
461,sub-NDARINV723AA4WA,run-01
462,sub-NDARINV723AA4WA,run-03
463,sub-NDARINV723AA4WA,run-02
464,sub-NDARINV72J2GA95,run-04
465,sub-NDARINV72J2GA95,run-03
466,sub-NDARINV72J2GA95,run-02
467,sub-NDARINV72J2GA95,run-01
468,sub-NDARINV75RKEU4Z,run-04
469,sub-NDARINV75RKEU4Z,run-03
470,sub-NDARINV75RKEU4Z,run-02
471,sub-NDARINV75RKEU4Z,run-01
472,sub-NDARINV75UAC3KM,run-04
473,sub-NDARINV75UAC3KM,run-01
474,sub-NDARINV75UAC3KM,run-03
475,sub-NDARINV75UAC3KM,run-02
476,sub-NDARINV79ZA5TBC,run-02
477,sub-NDARINV79ZA5TBC,run-01
478,sub-NDARINV7BVLKF6V,run-04
479,sub-NDARINV7BVLKF6V,run-02
480,sub-NDARINV7BVLKF6V,run-01
481,sub-NDARINV7F2WNZ5D,run-04
482,sub-NDARINV7F2WNZ5D,run-01
483,sub-NDARINV7F2WNZ5D,run-03
484,sub-NDARINV7F2WNZ5D,run-02
485,sub-NDARINV7JG0B0Y1,run-03
486,sub-NDARINV7JG0B0Y1,run-02
487,sub-NDARINV7JG0B0Y1,run-01
488,sub-NDARINV7PXH7ZBR,run-04
489,sub-NDARINV7PXH7ZBR,run-01
490,sub-NDARINV7PXH7ZBR,run-03
491,sub-NDARINV7PXH7ZBR,run-02
492,sub-NDARINV7R52U5A1,run-03
493,sub-NDARINV7R52U5A1,run-02
494,sub-NDARINV7R52U5A1,run-01
495,sub-NDARINV7RNULXT2,run-04
496,sub-NDARINV7RNULXT2,run-03
497,sub-NDARINV7RNULXT2,run-02
498,sub-NDARINV7UERCC7T,run-03
499,sub-NDARINV7UERCC7T,run-04
500,sub-NDARINV7UERCC7T,run-02
501,sub-NDARINV7UERCC7T,run-01
502,sub-NDARINV7UY7DLBX,run-04
503,sub-NDARINV7UY7DLBX,run-01
504,sub-NDARINV7UY7DLBX,run-03
505,sub-NDARINV7UY7DLBX,run-02
506,sub-NDARINV7W42V487,run-04
507,sub-NDARINV7W42V487,run-01
508,sub-NDARINV7W42V487,run-03
509,sub-NDARINV7W42V487,run-02
510,sub-NDARINV7WBW8TFG,run-04
511,sub-NDARINV7WBW8TFG,run-03
512,sub-NDARINV7WBW8TFG,run-02
513,sub-NDARINV7WBW8TFG,run-01
514,sub-NDARINV7X4CGXMP,run-04
515,sub-NDARINV7X4CGXMP,run-01
516,sub-NDARINV7X4CGXMP,run-03
517,sub-NDARINV7X4CGXMP,run-02
518,sub-NDARINV7X576WFP,run-01
519,sub-NDARINV7X576WFP,run-03
520,sub-NDARINV7X576WFP,run-02
521,sub-NDARINV7XRE8WCY,run-04
522,sub-NDARINV7XRE8WCY,run-01
523,sub-NDARINV7XRE8WCY,run-03
524,sub-NDARINV7XRE8WCY,run-02
525,sub-NDARINV7XUV8V0N,run-03
526,sub-NDARINV7XUV8V0N,run-02
527,sub-NDARINV7XUV8V0N,run-01
528,sub-NDARINV7YM285FW,run-01
529,sub-NDARINV7YM285FW,run-02
530,sub-NDARINV7ZE3WGCX,run-04
531,sub-NDARINV7ZE3WGCX,run-03
532,sub-NDARINV7ZE3WGCX,run-02
533,sub-NDARINV7ZE3WGCX,run-01
534,sub-NDARINV7ZVJYLM3,run-04
535,sub-NDARINV7ZVJYLM3,run-01
536,sub-NDARINV7ZVJYLM3,run-03
537,sub-NDARINV7ZVJYLM3,run-02
538,sub-NDARINV80CBC0L9,run-04
539,sub-NDARINV80CBC0L9,run-03
540,sub-NDARINV80CBC0L9,run-02
541,sub-NDARINV80CBC0L9,run-01
542,sub-NDARINV81M94TWZ,run-02
543,sub-NDARINV81M94TWZ,run-01
544,sub-NDARINV81R15GP2,run-04
545,sub-NDARINV81R15GP2,run-03
546,sub-NDARINV81R15GP2,run-02
547,sub-NDARINV81R15GP2,run-01
548,sub-NDARINV83FXH9MJ,run-04
549,sub-NDARINV83FXH9MJ,run-01
550,sub-NDARINV83FXH9MJ,run-03
551,sub-NDARINV83FXH9MJ,run-02
552,sub-NDARINV8CBT9W65,run-01
553,sub-NDARINV8CBT9W65,run-03
554,sub-NDARINV8CBT9W65,run-02
555,sub-NDARINV8CF76E8P,run-03
556,sub-NDARINV8CF76E8P,run-02
557,sub-NDARINV8CF76E8P,run-01
558,sub-NDARINV8DV0K9FK,run-04
559,sub-NDARINV8DV0K9FK,run-03
560,sub-NDARINV8DV0K9FK,run-02
561,sub-NDARINV8DV0K9FK,run-01
562,sub-NDARINV8E028M6F,run-03
563,sub-NDARINV8E028M6F,run-02
564,sub-NDARINV8E028M6F,run-01
565,sub-NDARINV8FHKFFRM,run-04
566,sub-NDARINV8FHKFFRM,run-03
567,sub-NDARINV8FHKFFRM,run-02
568,sub-NDARINV8FHKFFRM,run-01
569,sub-NDARINV8GE4JHY8,run-04
570,sub-NDARINV8GE4JHY8,run-01
571,sub-NDARINV8GE4JHY8,run-02
572,sub-NDARINV8GZUK8EV,run-04
573,sub-NDARINV8GZUK8EV,run-01
574,sub-NDARINV8GZUK8EV,run-03
575,sub-NDARINV8GZUK8EV,run-02
576,sub-NDARINV8HBTBDE2,run-01
577,sub-NDARINV8HBTBDE2,run-03
578,sub-NDARINV8HBTBDE2,run-02
579,sub-NDARINV8HCVHC17,run-04
580,sub-NDARINV8HCVHC17,run-03
581,sub-NDARINV8HCVHC17,run-02
582,sub-NDARINV8HCVHC17,run-01
583,sub-NDARINV8J5VU553,run-04
584,sub-NDARINV8J5VU553,run-03
585,sub-NDARINV8J5VU553,run-02
586,sub-NDARINV8J5VU553,run-01
587,sub-NDARINV8J6JMUXE,run-03
588,sub-NDARINV8J6JMUXE,run-02
589,sub-NDARINV8J6JMUXE,run-01
590,sub-NDARINV8J86AFF3,run-02
591,sub-NDARINV8J86AFF3,run-01
592,sub-NDARINV8J86AFF3,run-05
593,sub-NDARINV8LU9U8DZ,run-03
594,sub-NDARINV8LU9U8DZ,run-02
595,sub-NDARINV8LU9U8DZ,run-01
596,sub-NDARINV8LZNH731,run-04
597,sub-NDARINV8LZNH731,run-01
598,sub-NDARINV8LZNH731,run-03
599,sub-NDARINV8LZNH731,run-02
600,sub-NDARINV8MD5H3AW,run-03
601,sub-NDARINV8MD5H3AW,run-02
602,sub-NDARINV8MD5H3AW,run-01
603,sub-NDARINV8TWNRCGG,run-04
604,sub-NDARINV8TWNRCGG,run-03
605,sub-NDARINV8TWNRCGG,run-02
606,sub-NDARINV8TWNRCGG,run-01
607,sub-NDARINV8XEPPMAY,run-04
608,sub-NDARINV8XEPPMAY,run-03
609,sub-NDARINV8XEPPMAY,run-02
610,sub-NDARINV8XEPPMAY,run-01
611,sub-NDARINV8YGT3ABW,run-04
612,sub-NDARINV8YGT3ABW,run-01
613,sub-NDARINV8YGT3ABW,run-03
614,sub-NDARINV8YGT3ABW,run-02
615,sub-NDARINV8YW7NZDX,run-04
616,sub-NDARINV8YW7NZDX,run-01
617,sub-NDARINV8YW7NZDX,run-03
618,sub-NDARINV8YW7NZDX,run-02
619,sub-NDARINV8Z3XXD69,run-03
620,sub-NDARINV8Z3XXD69,run-02
621,sub-NDARINV8Z3XXD69,run-01
622,sub-NDARINV8ZNJ982B,run-04
623,sub-NDARINV8ZNJ982B,run-03
624,sub-NDARINV8ZNJ982B,run-02
625,sub-NDARINV8ZNJ982B,run-01
626,sub-NDARINV8ZXPKPRN,run-04
627,sub-NDARINV8ZXPKPRN,run-03
628,sub-NDARINV8ZXPKPRN,run-02
629,sub-NDARINV8ZXPKPRN,run-01
630,sub-NDARINV9053L040,run-03
631,sub-NDARINV9053L040,run-02
632,sub-NDARINV9053L040,run-01
633,sub-NDARINV953WUR8C,run-04
634,sub-NDARINV953WUR8C,run-01
635,sub-NDARINV953WUR8C,run-03
636,sub-NDARINV953WUR8C,run-02
637,sub-NDARINV956C4ZGG,run-03
638,sub-NDARINV956C4ZGG,run-02
639,sub-NDARINV956C4ZGG,run-01
640,sub-NDARINV963N6B2W,run-04
641,sub-NDARINV963N6B2W,run-01
642,sub-NDARINV963N6B2W,run-03
643,sub-NDARINV963N6B2W,run-02
644,sub-NDARINV96KG6C49,run-02
645,sub-NDARINV96KG6C49,run-01
646,sub-NDARINV99BP99WU,run-02
647,sub-NDARINV99BP99WU,run-01
648,sub-NDARINV9ACM4FBA,run-04
649,sub-NDARINV9ACM4FBA,run-03
650,sub-NDARINV9ACM4FBA,run-02
651,sub-NDARINV9ACM4FBA,run-01
652,sub-NDARINV9BBUE6LG,run-04
653,sub-NDARINV9BBUE6LG,run-01
654,sub-NDARINV9BBUE6LG,run-03
655,sub-NDARINV9BBUE6LG,run-02
656,sub-NDARINV9D1R1M0C,run-04
657,sub-NDARINV9D1R1M0C,run-03
658,sub-NDARINV9D1R1M0C,run-02
659,sub-NDARINV9D1R1M0C,run-01
660,sub-NDARINV9D98AYBL,run-04
661,sub-NDARINV9D98AYBL,run-01
662,sub-NDARINV9D98AYBL,run-03
663,sub-NDARINV9D98AYBL,run-02
664,sub-NDARINV9DTKH5ER,run-04
665,sub-NDARINV9DTKH5ER,run-01
666,sub-NDARINV9DTKH5ER,run-03
667,sub-NDARINV9DTKH5ER,run-02
668,sub-NDARINV9E9EAJ15,run-04
669,sub-NDARINV9E9EAJ15,run-03
670,sub-NDARINV9E9EAJ15,run-02
671,sub-NDARINV9E9EAJ15,run-01
672,sub-NDARINV9G641C44,run-03
673,sub-NDARINV9G641C44,run-02
674,sub-NDARINV9G641C44,run-01
675,sub-NDARINV9LVF1WUU,run-04
676,sub-NDARINV9LVF1WUU,run-01
677,sub-NDARINV9LVF1WUU,run-03
678,sub-NDARINV9LVF1WUU,run-02
679,sub-NDARINV9NJKP5VL,run-03
680,sub-NDARINV9NJKP5VL,run-02
681,sub-NDARINV9NJKP5VL,run-01
682,sub-NDARINV9PNVA22B,run-04
683,sub-NDARINV9PNVA22B,run-03
684,sub-NDARINV9PNVA22B,run-02
685,sub-NDARINV9PNVA22B,run-01
686,sub-NDARINV9PVJXVCK,run-03
687,sub-NDARINV9PVJXVCK,run-02
688,sub-NDARINV9PVJXVCK,run-01
689,sub-NDARINV9R3R8MW4,run-04
690,sub-NDARINV9R3R8MW4,run-01
691,sub-NDARINV9R3R8MW4,run-03
692,sub-NDARINV9R3R8MW4,run-02
693,sub-NDARINV9VW8MT82,run-01
694,sub-NDARINV9VW8MT82,run-03
695,sub-NDARINV9VW8MT82,run-02
696,sub-NDARINV9VW8MT82,run-04
697,sub-NDARINV9WG8CVTX,run-04
698,sub-NDARINV9WG8CVTX,run-01
699,sub-NDARINV9WG8CVTX,run-03
700,sub-NDARINV9WG8CVTX,run-02
701,sub-NDARINV9Z9HRUM9,run-04
702,sub-NDARINV9Z9HRUM9,run-01
703,sub-NDARINV9Z9HRUM9,run-03
704,sub-NDARINV9Z9HRUM9,run-02
705,sub-NDARINVA140KMXY,run-03
706,sub-NDARINVA140KMXY,run-02
707,sub-NDARINVA140KMXY,run-01
708,sub-NDARINVA1TDVMA1,run-04
709,sub-NDARINVA1TDVMA1,run-01
710,sub-NDARINVA1TDVMA1,run-03
711,sub-NDARINVA1TDVMA1,run-02
712,sub-NDARINVA2VRT06X,run-04
713,sub-NDARINVA2VRT06X,run-01
714,sub-NDARINVA2VRT06X,run-03
715,sub-NDARINVA2VRT06X,run-02
716,sub-NDARINVA3A3F421,run-03
717,sub-NDARINVA3A3F421,run-02
718,sub-NDARINVA3A3F421,run-01
719,sub-NDARINVA54MB68D,run-03
720,sub-NDARINVA54MB68D,run-02
721,sub-NDARINVA54MB68D,run-01
722,sub-NDARINVA9GJMD11,run-04
723,sub-NDARINVA9GJMD11,run-01
724,sub-NDARINVA9GJMD11,run-03
725,sub-NDARINVA9GJMD11,run-02
726,sub-NDARINVAB4VZUWB,run-03
727,sub-NDARINVAB4VZUWB,run-02
728,sub-NDARINVAB4VZUWB,run-01
729,sub-NDARINVABMADLKV,run-03
730,sub-NDARINVABMADLKV,run-02
731,sub-NDARINVABMADLKV,run-01
732,sub-NDARINVAD301F7N,run-03
733,sub-NDARINVAD301F7N,run-02
734,sub-NDARINVAD301F7N,run-01
735,sub-NDARINVAD8N7RW7,run-04
736,sub-NDARINVAD8N7RW7,run-01
737,sub-NDARINVAD8N7RW7,run-03
738,sub-NDARINVAD8N7RW7,run-02
739,sub-NDARINVAEHDBWMH,run-03
740,sub-NDARINVAEHDBWMH,run-02
741,sub-NDARINVAEHDBWMH,run-01
742,sub-NDARINVAGP8V8LW,run-04
743,sub-NDARINVAGP8V8LW,run-03
744,sub-NDARINVAGP8V8LW,run-02
745,sub-NDARINVAH6KK71Y,run-03
746,sub-NDARINVAH6KK71Y,run-02
747,sub-NDARINVAH6KK71Y,run-01
748,sub-NDARINVAHHN0B3E,run-04
749,sub-NDARINVAHHN0B3E,run-01
750,sub-NDARINVAHHN0B3E,run-03
751,sub-NDARINVAHHN0B3E,run-02
752,sub-NDARINVAHREHU85,run-04
753,sub-NDARINVAHREHU85,run-01
754,sub-NDARINVAHREHU85,run-03
755,sub-NDARINVAHREHU85,run-02
756,sub-NDARINVANH9WRCV,run-01
757,sub-NDARINVANH9WRCV,run-02
758,sub-NDARINVANH9WRCV,run-04
759,sub-NDARINVANMZGAVD,run-04
760,sub-NDARINVANMZGAVD,run-03
761,sub-NDARINVANMZGAVD,run-02
762,sub-NDARINVANMZGAVD,run-01
763,sub-NDARINVAPJKJ5KB,run-04
764,sub-NDARINVAPJKJ5KB,run-03
765,sub-NDARINVAPJKJ5KB,run-02
766,sub-NDARINVAPJKJ5KB,run-01
767,sub-NDARINVATGY6TA4,run-03
768,sub-NDARINVATGY6TA4,run-02
769,sub-NDARINVATGY6TA4,run-01
770,sub-NDARINVAUR9UZH4,run-04
771,sub-NDARINVAUR9UZH4,run-03
772,sub-NDARINVAUR9UZH4,run-02
773,sub-NDARINVAUR9UZH4,run-01
774,sub-NDARINVAVJXHAEC,run-04
775,sub-NDARINVAVJXHAEC,run-03
776,sub-NDARINVAVJXHAEC,run-01
777,sub-NDARINVAVJXHAEC,run-02
778,sub-NDARINVAWA5076Z,run-04
779,sub-NDARINVAWA5076Z,run-03
780,sub-NDARINVAWA5076Z,run-02
781,sub-NDARINVAWPM62MM,run-04
782,sub-NDARINVAWPM62MM,run-01
783,sub-NDARINVAWPM62MM,run-03
784,sub-NDARINVAWPM62MM,run-02
785,sub-NDARINVAY9W0F99,run-04
786,sub-NDARINVAY9W0F99,run-01
787,sub-NDARINVAY9W0F99,run-03
788,sub-NDARINVAY9W0F99,run-02
789,sub-NDARINVB0G9GYRY,run-04
790,sub-NDARINVB0G9GYRY,run-03
791,sub-NDARINVB0G9GYRY,run-02
792,sub-NDARINVB0G9GYRY,run-01
793,sub-NDARINVB14AY6F8,run-03
794,sub-NDARINVB14AY6F8,run-02
795,sub-NDARINVB14AY6F8,run-01
796,sub-NDARINVB14DZFG7,run-04
797,sub-NDARINVB14DZFG7,run-01
798,sub-NDARINVB14DZFG7,run-03
799,sub-NDARINVB14DZFG7,run-02
800,sub-NDARINVB3CU3GHK,run-03
801,sub-NDARINVB3CU3GHK,run-02
802,sub-NDARINVB3CU3GHK,run-01
803,sub-NDARINVB5VJ3KEG,run-02
804,sub-NDARINVB5VJ3KEG,run-01
805,sub-NDARINVB6YGLTJK,run-05
806,sub-NDARINVB6YGLTJK,run-03
807,sub-NDARINVB6YGLTJK,run-04
808,sub-NDARINVB6YGLTJK,run-02
809,sub-NDARINVB9RXNJDB,run-03
810,sub-NDARINVB9RXNJDB,run-02
811,sub-NDARINVB9RXNJDB,run-01
812,sub-NDARINVBDMGZK3B,run-04
813,sub-NDARINVBDMGZK3B,run-03
814,sub-NDARINVBDMGZK3B,run-02
815,sub-NDARINVBDMGZK3B,run-01
816,sub-NDARINVBFEWTU2N,run-04
817,sub-NDARINVBFEWTU2N,run-03
818,sub-NDARINVBFEWTU2N,run-02
819,sub-NDARINVBFEWTU2N,run-01
820,sub-NDARINVBH7UHE62,run-04
821,sub-NDARINVBH7UHE62,run-01
822,sub-NDARINVBH7UHE62,run-03
823,sub-NDARINVBH7UHE62,run-02
824,sub-NDARINVBHD2GF0Z,run-03
825,sub-NDARINVBHD2GF0Z,run-02
826,sub-NDARINVBHD2GF0Z,run-01
827,sub-NDARINVBK0V5AJK,run-04
828,sub-NDARINVBK0V5AJK,run-01
829,sub-NDARINVBK0V5AJK,run-03
830,sub-NDARINVBK0V5AJK,run-02
831,sub-NDARINVBK1V38WW,run-04
832,sub-NDARINVBK1V38WW,run-03
833,sub-NDARINVBKR2UJL2,run-04
834,sub-NDARINVBKR2UJL2,run-03
835,sub-NDARINVBKR2UJL2,run-01
836,sub-NDARINVBL4HN6F4,run-03
837,sub-NDARINVBL4HN6F4,run-02
838,sub-NDARINVBL4HN6F4,run-01
839,sub-NDARINVBMF1MNMV,run-04
840,sub-NDARINVBMF1MNMV,run-03
841,sub-NDARINVBMF1MNMV,run-02
842,sub-NDARINVBMF1MNMV,run-01
843,sub-NDARINVBN8Z67UX,run-04
844,sub-NDARINVBN8Z67UX,run-01
845,sub-NDARINVBN8Z67UX,run-02
846,sub-NDARINVBR0V5H2X,run-03
847,sub-NDARINVBR0V5H2X,run-02
848,sub-NDARINVBR0V5H2X,run-01
849,sub-NDARINVBR0V5H2X,run-04
850,sub-NDARINVBR1ZHAEJ,run-05
851,sub-NDARINVBR1ZHAEJ,run-03
852,sub-NDARINVBR1ZHAEJ,run-04
853,sub-NDARINVBR1ZHAEJ,run-02
854,sub-NDARINVBV75E69L,run-04
855,sub-NDARINVBV75E69L,run-03
856,sub-NDARINVBV75E69L,run-02
857,sub-NDARINVBV75E69L,run-01
858,sub-NDARINVBW3JU66Z,run-04
859,sub-NDARINVBW3JU66Z,run-01
860,sub-NDARINVBW3JU66Z,run-03
861,sub-NDARINVBW3JU66Z,run-02
862,sub-NDARINVC3A7UBT2,run-04
863,sub-NDARINVC3A7UBT2,run-01
864,sub-NDARINVC3A7UBT2,run-03
865,sub-NDARINVC3A7UBT2,run-02
866,sub-NDARINVC3E7K9A7,run-04
867,sub-NDARINVC3E7K9A7,run-03
868,sub-NDARINVC3E7K9A7,run-01
869,sub-NDARINVC3E7K9A7,run-02
870,sub-NDARINVC6MPJ7ZF,run-03
871,sub-NDARINVC6MPJ7ZF,run-02
872,sub-NDARINVC6MPJ7ZF,run-01
873,sub-NDARINVC6MPJ7ZF,run-04
874,sub-NDARINVC9DWTY95,run-04
875,sub-NDARINVC9DWTY95,run-05
876,sub-NDARINVC9DWTY95,run-03
877,sub-NDARINVC9DWTY95,run-02
878,sub-NDARINVCA6R8P2J,run-04
879,sub-NDARINVCA6R8P2J,run-03
880,sub-NDARINVCA6R8P2J,run-02
881,sub-NDARINVCA6R8P2J,run-01
882,sub-NDARINVCD3GLYXK,run-04
883,sub-NDARINVCD3GLYXK,run-03
884,sub-NDARINVCD3GLYXK,run-02
885,sub-NDARINVCD3GLYXK,run-01
886,sub-NDARINVCGXC468Y,run-04
887,sub-NDARINVCGXC468Y,run-03
888,sub-NDARINVCGXC468Y,run-02
889,sub-NDARINVCGXC468Y,run-01
890,sub-NDARINVCHUKUNFD,run-04
891,sub-NDARINVCHUKUNFD,run-01
892,sub-NDARINVCHUKUNFD,run-03
893,sub-NDARINVCHUKUNFD,run-02
894,sub-NDARINVCKMG9A44,run-04
895,sub-NDARINVCKMG9A44,run-03
896,sub-NDARINVCKMG9A44,run-02
897,sub-NDARINVCKMG9A44,run-01
898,sub-NDARINVCM7KCH5J,run-04
899,sub-NDARINVCM7KCH5J,run-03
900,sub-NDARINVCM7KCH5J,run-02
901,sub-NDARINVCM7KCH5J,run-01
902,sub-NDARINVCPKCD2H0,run-03
903,sub-NDARINVCPKCD2H0,run-02
904,sub-NDARINVCPKCD2H0,run-01
905,sub-NDARINVCTDL9XAC,run-02
906,sub-NDARINVCTDL9XAC,run-01
907,sub-NDARINVCTDL9XAC,run-03
908,sub-NDARINVCUNJD89E,run-03
909,sub-NDARINVCUNJD89E,run-02
910,sub-NDARINVCUNJD89E,run-01
911,sub-NDARINVCVWPX3EA,run-02
912,sub-NDARINVCVWPX3EA,run-01
913,sub-NDARINVCVWPX3EA,run-03
914,sub-NDARINVCW8WDA3J,run-04
915,sub-NDARINVCW8WDA3J,run-03
916,sub-NDARINVCW8WDA3J,run-02
917,sub-NDARINVCW8WDA3J,run-01
918,sub-NDARINVCXTWKWU8,run-04
919,sub-NDARINVCXTWKWU8,run-03
920,sub-NDARINVCXTWKWU8,run-02
921,sub-NDARINVCXTWKWU8,run-01
922,sub-NDARINVCYDU871W,run-04
923,sub-NDARINVCYDU871W,run-03
924,sub-NDARINVCYDU871W,run-02
925,sub-NDARINVCYDU871W,run-01
926,sub-NDARINVCZU8RL3L,run-04
927,sub-NDARINVCZU8RL3L,run-03
928,sub-NDARINVCZU8RL3L,run-02
929,sub-NDARINVCZU8RL3L,run-01
930,sub-NDARINVD13XNZ1E,run-03
931,sub-NDARINVD13XNZ1E,run-02
932,sub-NDARINVD13XNZ1E,run-01
933,sub-NDARINVD1APEXLT,run-04
934,sub-NDARINVD1APEXLT,run-01
935,sub-NDARINVD1APEXLT,run-03
936,sub-NDARINVD1APEXLT,run-02
937,sub-NDARINVD1DCEAJH,run-04
938,sub-NDARINVD1DCEAJH,run-01
939,sub-NDARINVD1DCEAJH,run-03
940,sub-NDARINVD1DCEAJH,run-02
941,sub-NDARINVD1YTW0G6,run-04
942,sub-NDARINVD1YTW0G6,run-01
943,sub-NDARINVD1YTW0G6,run-03
944,sub-NDARINVD1YTW0G6,run-02
945,sub-NDARINVD23C6A4C,run-04
946,sub-NDARINVD23C6A4C,run-03
947,sub-NDARINVD23C6A4C,run-02
948,sub-NDARINVD23C6A4C,run-01
949,sub-NDARINVD33P1GPC,run-03
950,sub-NDARINVD33P1GPC,run-02
951,sub-NDARINVD33P1GPC,run-01
952,sub-NDARINVD5UV2RGA,run-03
953,sub-NDARINVD5UV2RGA,run-02
954,sub-NDARINVD5UV2RGA,run-01
955,sub-NDARINVD806H93D,run-04
956,sub-NDARINVD806H93D,run-03
957,sub-NDARINVD806H93D,run-02
958,sub-NDARINVD806H93D,run-01
959,sub-NDARINVD8M17149,run-04
960,sub-NDARINVD8M17149,run-03
961,sub-NDARINVD8M17149,run-02
962,sub-NDARINVD8M17149,run-01
963,sub-NDARINVD8NF2X35,run-04
964,sub-NDARINVD8NF2X35,run-03
965,sub-NDARINVD8NF2X35,run-02
966,sub-NDARINVD8NF2X35,run-01
967,sub-NDARINVDB28XX06,run-03
968,sub-NDARINVDB28XX06,run-02
969,sub-NDARINVDB28XX06,run-01
970,sub-NDARINVDD4736KA,run-04
971,sub-NDARINVDD4736KA,run-03
972,sub-NDARINVDD4736KA,run-02
973,sub-NDARINVDD4736KA,run-01
974,sub-NDARINVDEKRPJ5X,run-03
975,sub-NDARINVDEKRPJ5X,run-02
976,sub-NDARINVDEKRPJ5X,run-01
977,sub-NDARINVDL8U4ZNT,run-01
978,sub-NDARINVDL8U4ZNT,run-03
979,sub-NDARINVDL8U4ZNT,run-02
980,sub-NDARINVDTL56WZU,run-03
981,sub-NDARINVDTL56WZU,run-02
982,sub-NDARINVDTL56WZU,run-01
983,sub-NDARINVDW1BKLJN,run-03
984,sub-NDARINVDW1BKLJN,run-02
985,sub-NDARINVDW1BKLJN,run-01
986,sub-NDARINVE02NUBGT,run-04
987,sub-NDARINVE02NUBGT,run-01
988,sub-NDARINVE02NUBGT,run-03
989,sub-NDARINVE02NUBGT,run-02
990,sub-NDARINVE26RRHNP,run-04
991,sub-NDARINVE26RRHNP,run-03
992,sub-NDARINVE26RRHNP,run-02
993,sub-NDARINVE26RRHNP,run-01
994,sub-NDARINVE32G7HZE,run-01
995,sub-NDARINVE32G7HZE,run-03
996,sub-NDARINVE32G7HZE,run-02
997,sub-NDARINVE414T9WK,run-04
998,sub-NDARINVE414T9WK,run-02
999,sub-NDARINVE414T9WK,run-03
1000,sub-NDARINVE414T9WK,run-01
1001,sub-NDARINVE5WTBCCC,run-03
1002,sub-NDARINVE5WTBCCC,run-02
1003,sub-NDARINVE5WTBCCC,run-01
1004,sub-NDARINVE7EG3Y66,run-04
1005,sub-NDARINVE7EG3Y66,run-01
1006,sub-NDARINVE7EG3Y66,run-03
1007,sub-NDARINVE7EG3Y66,run-02
1008,sub-NDARINVE8L48Y5N,run-04
1009,sub-NDARINVE8L48Y5N,run-03
1010,sub-NDARINVE8L48Y5N,run-02
1011,sub-NDARINVE8L48Y5N,run-01
1012,sub-NDARINVED7CA79P,run-03
1013,sub-NDARINVED7CA79P,run-04
1014,sub-NDARINVED7CA79P,run-02
1015,sub-NDARINVED7CA79P,run-01
1016,sub-NDARINVEEEJ9XTB,run-04
1017,sub-NDARINVEEEJ9XTB,run-01
1018,sub-NDARINVEEEJ9XTB,run-03
1019,sub-NDARINVEEEJ9XTB,run-02
1020,sub-NDARINVEEGFEXUY,run-04
1021,sub-NDARINVEEGFEXUY,run-03
1022,sub-NDARINVEEGFEXUY,run-02
1023,sub-NDARINVEEGFEXUY,run-01
1024,sub-NDARINVEFMK5HUC,run-01
1025,sub-NDARINVEFMK5HUC,run-02
1026,sub-NDARINVEGZWYGFM,run-04
1027,sub-NDARINVEGZWYGFM,run-03
1028,sub-NDARINVEGZWYGFM,run-02
1029,sub-NDARINVEGZWYGFM,run-01
1030,sub-NDARINVEK4406ZW,run-04
1031,sub-NDARINVEK4406ZW,run-02
1032,sub-NDARINVEK4406ZW,run-01
1033,sub-NDARINVET1RUD2W,run-04
1034,sub-NDARINVET1RUD2W,run-01
1035,sub-NDARINVET1RUD2W,run-03
1036,sub-NDARINVET1RUD2W,run-02
1037,sub-NDARINVET2UMV8G,run-04
1038,sub-NDARINVET2UMV8G,run-01
1039,sub-NDARINVET2UMV8G,run-02
1040,sub-NDARINVEWYRM0KZ,run-04
1041,sub-NDARINVEWYRM0KZ,run-01
1042,sub-NDARINVEWYRM0KZ,run-03
1043,sub-NDARINVEWYRM0KZ,run-02
1044,sub-NDARINVEXAKNZ18,run-04
1045,sub-NDARINVEXAKNZ18,run-03
1046,sub-NDARINVEYHJ6V3Z,run-04
1047,sub-NDARINVEYHJ6V3Z,run-03
1048,sub-NDARINVF08DPWLT,run-03
1049,sub-NDARINVF08DPWLT,run-02
1050,sub-NDARINVF08DPWLT,run-01
1051,sub-NDARINVF1TB9CPJ,run-04
1052,sub-NDARINVF1TB9CPJ,run-03
1053,sub-NDARINVF1TB9CPJ,run-02
1054,sub-NDARINVF1TB9CPJ,run-01
1055,sub-NDARINVF59ZM3ZJ,run-04
1056,sub-NDARINVF59ZM3ZJ,run-03
1057,sub-NDARINVF59ZM3ZJ,run-02
1058,sub-NDARINVF59ZM3ZJ,run-01
1059,sub-NDARINVF99CJ6A0,run-04
1060,sub-NDARINVF99CJ6A0,run-01
1061,sub-NDARINVF99CJ6A0,run-03
1062,sub-NDARINVF99CJ6A0,run-02
1063,sub-NDARINVFAFNLCWD,run-03
1064,sub-NDARINVFAFNLCWD,run-02
1065,sub-NDARINVFBV98M5D,run-04
1066,sub-NDARINVFBV98M5D,run-01
1067,sub-NDARINVFBV98M5D,run-03
1068,sub-NDARINVFBV98M5D,run-02
1069,sub-NDARINVFC0XL0E1,run-04
1070,sub-NDARINVFC0XL0E1,run-03
1071,sub-NDARINVFC0XL0E1,run-02
1072,sub-NDARINVFC0XL0E1,run-01
1073,sub-NDARINVFC12GLF0,run-03
1074,sub-NDARINVFC12GLF0,run-02
1075,sub-NDARINVFC12GLF0,run-01
1076,sub-NDARINVFCLB0ERE,run-01
1077,sub-NDARINVFCLB0ERE,run-03
1078,sub-NDARINVFCLB0ERE,run-02
1079,sub-NDARINVFD9X0A8E,run-04
1080,sub-NDARINVFD9X0A8E,run-03
1081,sub-NDARINVFD9X0A8E,run-02
1082,sub-NDARINVFD9X0A8E,run-01
1083,sub-NDARINVFF01R0CH,run-03
1084,sub-NDARINVFF01R0CH,run-02
1085,sub-NDARINVFF01R0CH,run-01
1086,sub-NDARINVFF1FE8EN,run-04
1087,sub-NDARINVFF1FE8EN,run-01
1088,sub-NDARINVFF1FE8EN,run-02
1089,sub-NDARINVFGGKCL3V,run-04
1090,sub-NDARINVFGGKCL3V,run-01
1091,sub-NDARINVFGGKCL3V,run-03
1092,sub-NDARINVFGGKCL3V,run-02
1093,sub-NDARINVFHBKW2VL,run-04
1094,sub-NDARINVFHBKW2VL,run-01
1095,sub-NDARINVFHBKW2VL,run-03
1096,sub-NDARINVFHBKW2VL,run-02
1097,sub-NDARINVFJEW218J,run-04
1098,sub-NDARINVFJEW218J,run-01
1099,sub-NDARINVFJEW218J,run-03
1100,sub-NDARINVFJEW218J,run-02
1101,sub-NDARINVFLPJWCHN,run-04
1102,sub-NDARINVFLPJWCHN,run-03
1103,sub-NDARINVFLPJWCHN,run-02
1104,sub-NDARINVFLPJWCHN,run-01
1105,sub-NDARINVFLUR44J7,run-03
1106,sub-NDARINVFLUR44J7,run-02
1107,sub-NDARINVFLUR44J7,run-01
1108,sub-NDARINVFMHWAFKJ,run-03
1109,sub-NDARINVFMHWAFKJ,run-02
1110,sub-NDARINVFMHWAFKJ,run-01
1111,sub-NDARINVFN0UUKK3,run-03
1112,sub-NDARINVFN0UUKK3,run-02
1113,sub-NDARINVFN0UUKK3,run-01
1114,sub-NDARINVFP7WAK5D,run-04
1115,sub-NDARINVFP7WAK5D,run-01
1116,sub-NDARINVFP7WAK5D,run-02
1117,sub-NDARINVFRJ6LFD5,run-03
1118,sub-NDARINVFRJ6LFD5,run-02
1119,sub-NDARINVFRJ6LFD5,run-01
1120,sub-NDARINVFVPJVUJZ,run-04
1121,sub-NDARINVFVPJVUJZ,run-03
1122,sub-NDARINVFVPJVUJZ,run-02
1123,sub-NDARINVFVPJVUJZ,run-01
1124,sub-NDARINVFWC6LDUD,run-04
1125,sub-NDARINVFWC6LDUD,run-02
1126,sub-NDARINVFWC6LDUD,run-01
1127,sub-NDARINVFX9F9REG,run-04
1128,sub-NDARINVFX9F9REG,run-01
1129,sub-NDARINVFX9F9REG,run-03
1130,sub-NDARINVFX9F9REG,run-02
1131,sub-NDARINVFY2VY166,run-05
1132,sub-NDARINVFY2VY166,run-03
1133,sub-NDARINVFY2VY166,run-02
1134,sub-NDARINVFY2VY166,run-01
1135,sub-NDARINVG059BTMJ,run-03
1136,sub-NDARINVG059BTMJ,run-02
1137,sub-NDARINVG059BTMJ,run-01
1138,sub-NDARINVG16RFRXX,run-03
1139,sub-NDARINVG16RFRXX,run-02
1140,sub-NDARINVG16RFRXX,run-01
1141,sub-NDARINVG2H30ATD,run-01
1142,sub-NDARINVG2H30ATD,run-03
1143,sub-NDARINVG2H30ATD,run-02
1144,sub-NDARINVG40TP4HF,run-03
1145,sub-NDARINVG40TP4HF,run-02
1146,sub-NDARINVG40TP4HF,run-01
1147,sub-NDARINVG545NFAE,run-04
1148,sub-NDARINVG545NFAE,run-03
1149,sub-NDARINVG545NFAE,run-02
1150,sub-NDARINVG545NFAE,run-01
1151,sub-NDARINVG8JBY950,run-03
1152,sub-NDARINVG8JBY950,run-02
1153,sub-NDARINVG8JBY950,run-01
1154,sub-NDARINVG8K37NDD,run-04
1155,sub-NDARINVG8K37NDD,run-01
1156,sub-NDARINVG8K37NDD,run-03
1157,sub-NDARINVG8K37NDD,run-02
1158,sub-NDARINVGA9CN12W,run-04
1159,sub-NDARINVGA9CN12W,run-01
1160,sub-NDARINVGA9CN12W,run-03
1161,sub-NDARINVGA9CN12W,run-02
1162,sub-NDARINVGBXJFCXY,run-04
1163,sub-NDARINVGBXJFCXY,run-03
1164,sub-NDARINVGBXJFCXY,run-02
1165,sub-NDARINVGBXJFCXY,run-01
1166,sub-NDARINVGF6M43VF,run-02
1167,sub-NDARINVGF6M43VF,run-03
1168,sub-NDARINVGF6M43VF,run-01
1169,sub-NDARINVGGTCPFBU,run-03
1170,sub-NDARINVGGTCPFBU,run-02
1171,sub-NDARINVGGTCPFBU,run-01
1172,sub-NDARINVGH5DHURH,run-01
1173,sub-NDARINVGH5DHURH,run-03
1174,sub-NDARINVGH5DHURH,run-02
1175,sub-NDARINVGMZBFT9W,run-03
1176,sub-NDARINVGMZBFT9W,run-02
1177,sub-NDARINVGMZBFT9W,run-01
1178,sub-NDARINVGR2EX4NH,run-04
1179,sub-NDARINVGR2EX4NH,run-01
1180,sub-NDARINVGR2EX4NH,run-02
1181,sub-NDARINVGUGEVCM0,run-04
1182,sub-NDARINVGUGEVCM0,run-01
1183,sub-NDARINVGUGEVCM0,run-03
1184,sub-NDARINVGUGEVCM0,run-02
1185,sub-NDARINVGUNAAG7E,run-04
1186,sub-NDARINVGUNAAG7E,run-01
1187,sub-NDARINVGWG4RUR9,run-04
1188,sub-NDARINVGWG4RUR9,run-01
1189,sub-NDARINVGWG4RUR9,run-03
1190,sub-NDARINVGWG4RUR9,run-02
1191,sub-NDARINVH1A3JG9F,run-03
1192,sub-NDARINVH1A3JG9F,run-02
1193,sub-NDARINVH1A3JG9F,run-01
1194,sub-NDARINVH1E70RH9,run-03
1195,sub-NDARINVH1E70RH9,run-02
1196,sub-NDARINVH1E70RH9,run-01
1197,sub-NDARINVH3JAB3RR,run-04
1198,sub-NDARINVH3JAB3RR,run-03
1199,sub-NDARINVH3JAB3RR,run-02
1200,sub-NDARINVH3JAB3RR,run-01
1201,sub-NDARINVH6MRC067,run-03
1202,sub-NDARINVH6MRC067,run-02
1203,sub-NDARINVH6MRC067,run-01
1204,sub-NDARINVH83KP4EM,run-04
1205,sub-NDARINVH83KP4EM,run-01
1206,sub-NDARINVH83KP4EM,run-03
1207,sub-NDARINVH83KP4EM,run-02
1208,sub-NDARINVH8HNJZD4,run-04
1209,sub-NDARINVH8HNJZD4,run-03
1210,sub-NDARINVH8HNJZD4,run-02
1211,sub-NDARINVH8HNJZD4,run-01
1212,sub-NDARINVH8NGBTPP,run-04
1213,sub-NDARINVH8NGBTPP,run-01
1214,sub-NDARINVH8NGBTPP,run-03
1215,sub-NDARINVH8NGBTPP,run-02
1216,sub-NDARINVH907TWMT,run-04
1217,sub-NDARINVH907TWMT,run-03
1218,sub-NDARINVH907TWMT,run-02
1219,sub-NDARINVH907TWMT,run-01
1220,sub-NDARINVH9NZRW87,run-04
1221,sub-NDARINVH9NZRW87,run-03
1222,sub-NDARINVH9NZRW87,run-01
1223,sub-NDARINVHBUKR2VY,run-04
1224,sub-NDARINVHBUKR2VY,run-01
1225,sub-NDARINVHBUKR2VY,run-03
1226,sub-NDARINVHBUKR2VY,run-02
1227,sub-NDARINVHC9R0C16,run-03
1228,sub-NDARINVHC9R0C16,run-02
1229,sub-NDARINVHC9R0C16,run-01
1230,sub-NDARINVHD5LEW4G,run-03
1231,sub-NDARINVHD5LEW4G,run-02
1232,sub-NDARINVHD5LEW4G,run-01
1233,sub-NDARINVHD6C4KL6,run-04
1234,sub-NDARINVHD6C4KL6,run-03
1235,sub-NDARINVHD6C4KL6,run-02
1236,sub-NDARINVHD6C4KL6,run-01
1237,sub-NDARINVHF0D2M6B,run-04
1238,sub-NDARINVHF0D2M6B,run-03
1239,sub-NDARINVHF0D2M6B,run-02
1240,sub-NDARINVHF0D2M6B,run-01
1241,sub-NDARINVHF0XT8CF,run-04
1242,sub-NDARINVHF0XT8CF,run-01
1243,sub-NDARINVHF0XT8CF,run-03
1244,sub-NDARINVHF0XT8CF,run-02
1245,sub-NDARINVHFKCY87W,run-03
1246,sub-NDARINVHFKCY87W,run-02
1247,sub-NDARINVHFKCY87W,run-01
1248,sub-NDARINVHFZ6EMM2,run-04
1249,sub-NDARINVHFZ6EMM2,run-03
1250,sub-NDARINVHFZ6EMM2,run-02
1251,sub-NDARINVHFZ6EMM2,run-01
1252,sub-NDARINVHHAZYG1A,run-04
1253,sub-NDARINVHHAZYG1A,run-01
1254,sub-NDARINVHHAZYG1A,run-03
1255,sub-NDARINVHL80JFPU,run-02
1256,sub-NDARINVHL80JFPU,run-01
1257,sub-NDARINVHRJNTDPZ,run-03
1258,sub-NDARINVHRJNTDPZ,run-02
1259,sub-NDARINVHRJNTDPZ,run-01
1260,sub-NDARINVHRTU9HVX,run-03
1261,sub-NDARINVHRTU9HVX,run-02
1262,sub-NDARINVHRTU9HVX,run-01
1263,sub-NDARINVHVLPXZ99,run-04
1264,sub-NDARINVHVLPXZ99,run-01
1265,sub-NDARINVHVLPXZ99,run-02
1266,sub-NDARINVHX94ZLXK,run-04
1267,sub-NDARINVHX94ZLXK,run-03
1268,sub-NDARINVHX94ZLXK,run-02
1269,sub-NDARINVHX94ZLXK,run-01
1270,sub-NDARINVJ1551F3N,run-04
1271,sub-NDARINVJ1551F3N,run-03
1272,sub-NDARINVJ1551F3N,run-02
1273,sub-NDARINVJ1551F3N,run-01
1274,sub-NDARINVJ3CDYG3J,run-04
1275,sub-NDARINVJ3CDYG3J,run-03
1276,sub-NDARINVJ3CDYG3J,run-02
1277,sub-NDARINVJ3CDYG3J,run-01
1278,sub-NDARINVJ6EUW017,run-04
1279,sub-NDARINVJ6EUW017,run-01
1280,sub-NDARINVJ6EUW017,run-03
1281,sub-NDARINVJ6EUW017,run-02
1282,sub-NDARINVJ6MH0EXG,run-03
1283,sub-NDARINVJ6MH0EXG,run-02
1284,sub-NDARINVJ6MH0EXG,run-01
1285,sub-NDARINVJ716H2Y0,run-04
1286,sub-NDARINVJ716H2Y0,run-01
1287,sub-NDARINVJ716H2Y0,run-02
1288,sub-NDARINVJ7V2VTL2,run-04
1289,sub-NDARINVJ7V2VTL2,run-03
1290,sub-NDARINVJ7V2VTL2,run-02
1291,sub-NDARINVJ7V2VTL2,run-01
1292,sub-NDARINVJ8CMYN6U,run-04
1293,sub-NDARINVJ8CMYN6U,run-03
1294,sub-NDARINVJ8CMYN6U,run-02
1295,sub-NDARINVJ8CMYN6U,run-01
1296,sub-NDARINVJ8JU5JAA,run-03
1297,sub-NDARINVJ8JU5JAA,run-02
1298,sub-NDARINVJ8JU5JAA,run-01
1299,sub-NDARINVJAD86WDH,run-04
1300,sub-NDARINVJAD86WDH,run-03
1301,sub-NDARINVJAD86WDH,run-02
1302,sub-NDARINVJAD86WDH,run-01
1303,sub-NDARINVJCFMFR6E,run-01
1304,sub-NDARINVJCFMFR6E,run-03
1305,sub-NDARINVJCFMFR6E,run-02
1306,sub-NDARINVJHEF7HG0,run-04
1307,sub-NDARINVJHEF7HG0,run-01
1308,sub-NDARINVJHEF7HG0,run-03
1309,sub-NDARINVJHEF7HG0,run-02
1310,sub-NDARINVJKGPNZA2,run-04
1311,sub-NDARINVJKGPNZA2,run-01
1312,sub-NDARINVJKGPNZA2,run-03
1313,sub-NDARINVJKGPNZA2,run-02
1314,sub-NDARINVJMAK2VV0,run-04
1315,sub-NDARINVJMAK2VV0,run-01
1316,sub-NDARINVJMAK2VV0,run-03
1317,sub-NDARINVJMAK2VV0,run-02
1318,sub-NDARINVJNMHDYGC,run-04
1319,sub-NDARINVJNMHDYGC,run-01
1320,sub-NDARINVJNMHDYGC,run-02
1321,sub-NDARINVJP58CZGJ,run-04
1322,sub-NDARINVJP58CZGJ,run-01
1323,sub-NDARINVJP58CZGJ,run-03
1324,sub-NDARINVJP58CZGJ,run-02
1325,sub-NDARINVJPMRY00B,run-04
1326,sub-NDARINVJPMRY00B,run-03
1327,sub-NDARINVJPMRY00B,run-02
1328,sub-NDARINVJPMRY00B,run-01
1329,sub-NDARINVJPV235G4,run-04
1330,sub-NDARINVJPV235G4,run-01
1331,sub-NDARINVJPV235G4,run-03
1332,sub-NDARINVJPV235G4,run-02
1333,sub-NDARINVJT5AUAK8,run-04
1334,sub-NDARINVJT5AUAK8,run-03
1335,sub-NDARINVJT5AUAK8,run-02
1336,sub-NDARINVJT5AUAK8,run-01
1337,sub-NDARINVJTA9PW0F,run-04
1338,sub-NDARINVJTA9PW0F,run-03
1339,sub-NDARINVJTA9PW0F,run-02
1340,sub-NDARINVJTA9PW0F,run-01
1341,sub-NDARINVJTU3X2VF,run-03
1342,sub-NDARINVJTU3X2VF,run-02
1343,sub-NDARINVJU6W0MXX,run-04
1344,sub-NDARINVJU6W0MXX,run-01
1345,sub-NDARINVJU6W0MXX,run-03
1346,sub-NDARINVJU6W0MXX,run-02
1347,sub-NDARINVJUHGFPD3,run-04
1348,sub-NDARINVJUHGFPD3,run-01
1349,sub-NDARINVJUHGFPD3,run-03
1350,sub-NDARINVJUHGFPD3,run-02
1351,sub-NDARINVJV3VFJD1,run-03
1352,sub-NDARINVJV3VFJD1,run-02
1353,sub-NDARINVJV3VFJD1,run-01
1354,sub-NDARINVJVPFFH8R,run-04
1355,sub-NDARINVJVPFFH8R,run-01
1356,sub-NDARINVJVPFFH8R,run-03
1357,sub-NDARINVJVPFFH8R,run-02
1358,sub-NDARINVJWXRTDHM,run-03
1359,sub-NDARINVJWXRTDHM,run-02
1360,sub-NDARINVJWXRTDHM,run-01
1361,sub-NDARINVJX0PX7UM,run-04
1362,sub-NDARINVJX0PX7UM,run-01
1363,sub-NDARINVJX0PX7UM,run-03
1364,sub-NDARINVJX0PX7UM,run-02
1365,sub-NDARINVJXUKE3JB,run-04
1366,sub-NDARINVJXUKE3JB,run-03
1367,sub-NDARINVJXUKE3JB,run-02
1368,sub-NDARINVJXUKE3JB,run-01
1369,sub-NDARINVJYXYG81D,run-04
1370,sub-NDARINVJYXYG81D,run-03
1371,sub-NDARINVJYXYG81D,run-02
1372,sub-NDARINVJYXYG81D,run-01
1373,sub-NDARINVJZ12514R,run-04
1374,sub-NDARINVJZ12514R,run-01
1375,sub-NDARINVJZ12514R,run-03
1376,sub-NDARINVJZ12514R,run-02
1377,sub-NDARINVK0U3PRRR,run-04
1378,sub-NDARINVK0U3PRRR,run-01
1379,sub-NDARINVK0U3PRRR,run-03
1380,sub-NDARINVK0U3PRRR,run-02
1381,sub-NDARINVK0WC1N5P,run-04
1382,sub-NDARINVK0WC1N5P,run-03
1383,sub-NDARINVK0WC1N5P,run-02
1384,sub-NDARINVK0WC1N5P,run-01
1385,sub-NDARINVK20VT80R,run-04
1386,sub-NDARINVK20VT80R,run-03
1387,sub-NDARINVK20VT80R,run-02
1388,sub-NDARINVK20VT80R,run-01
1389,sub-NDARINVK2KFJDG5,run-03
1390,sub-NDARINVK2KFJDG5,run-02
1391,sub-NDARINVK2KFJDG5,run-01
1392,sub-NDARINVK4JJ20YY,run-04
1393,sub-NDARINVK4JJ20YY,run-01
1394,sub-NDARINVK4JJ20YY,run-03
1395,sub-NDARINVK4JJ20YY,run-02
1396,sub-NDARINVK5JP23J6,run-03
1397,sub-NDARINVK5JP23J6,run-02
1398,sub-NDARINVK5JP23J6,run-01
1399,sub-NDARINVK7150G4Z,run-04
1400,sub-NDARINVK7150G4Z,run-03
1401,sub-NDARINVK7150G4Z,run-02
1402,sub-NDARINVK7150G4Z,run-01
1403,sub-NDARINVK9DZW93Y,run-03
1404,sub-NDARINVK9DZW93Y,run-02
1405,sub-NDARINVK9DZW93Y,run-01
1406,sub-NDARINVKACJ255N,run-04
1407,sub-NDARINVKACJ255N,run-01
1408,sub-NDARINVKACJ255N,run-03
1409,sub-NDARINVKACJ255N,run-02
1410,sub-NDARINVKB6F3HGV,run-04
1411,sub-NDARINVKB6F3HGV,run-01
1412,sub-NDARINVKB6F3HGV,run-03
1413,sub-NDARINVKB6F3HGV,run-02
1414,sub-NDARINVKCXJ48Z1,run-01
1415,sub-NDARINVKCXJ48Z1,run-03
1416,sub-NDARINVKCXJ48Z1,run-02
1417,sub-NDARINVKDGX17KZ,run-04
1418,sub-NDARINVKDGX17KZ,run-01
1419,sub-NDARINVKDGX17KZ,run-03
1420,sub-NDARINVKDGX17KZ,run-02
1421,sub-NDARINVKE6Z3413,run-05
1422,sub-NDARINVKE6Z3413,run-03
1423,sub-NDARINVKE6Z3413,run-04
1424,sub-NDARINVKE6Z3413,run-02
1425,sub-NDARINVKF1BUR6G,run-04
1426,sub-NDARINVKF1BUR6G,run-01
1427,sub-NDARINVKF1BUR6G,run-03
1428,sub-NDARINVKF1BUR6G,run-02
1429,sub-NDARINVKFGPP88F,run-03
1430,sub-NDARINVKFGPP88F,run-02
1431,sub-NDARINVKFGPP88F,run-01
1432,sub-NDARINVKGU77A38,run-04
1433,sub-NDARINVKGU77A38,run-03
1434,sub-NDARINVKGU77A38,run-02
1435,sub-NDARINVKGU77A38,run-01
1436,sub-NDARINVKHL7D46V,run-04
1437,sub-NDARINVKHL7D46V,run-01
1438,sub-NDARINVKHL7D46V,run-03
1439,sub-NDARINVKHL7D46V,run-02
1440,sub-NDARINVKK8HT4H8,run-03
1441,sub-NDARINVKK8HT4H8,run-02
1442,sub-NDARINVKK8HT4H8,run-01
1443,sub-NDARINVKKXA5H12,run-04
1444,sub-NDARINVKKXA5H12,run-01
1445,sub-NDARINVKKXA5H12,run-03
1446,sub-NDARINVKKXA5H12,run-02
1447,sub-NDARINVKLBUDEGD,run-04
1448,sub-NDARINVKLBUDEGD,run-01
1449,sub-NDARINVKLBUDEGD,run-03
1450,sub-NDARINVKLBUDEGD,run-02
1451,sub-NDARINVKNRU5BYD,run-04
1452,sub-NDARINVKNRU5BYD,run-01
1453,sub-NDARINVKNRU5BYD,run-03
1454,sub-NDARINVKNRU5BYD,run-02
1455,sub-NDARINVKP3A1LBZ,run-03
1456,sub-NDARINVKP3A1LBZ,run-02
1457,sub-NDARINVKP3A1LBZ,run-01
1458,sub-NDARINVKPF4GFHV,run-04
1459,sub-NDARINVKPF4GFHV,run-01
1460,sub-NDARINVKPF4GFHV,run-03
1461,sub-NDARINVKPF4GFHV,run-02
1462,sub-NDARINVKPZYYKTG,run-03
1463,sub-NDARINVKPZYYKTG,run-02
1464,sub-NDARINVKPZYYKTG,run-01
1465,sub-NDARINVKTEZYKCL,run-04
1466,sub-NDARINVKTEZYKCL,run-01
1467,sub-NDARINVKTEZYKCL,run-03
1468,sub-NDARINVKTEZYKCL,run-02
1469,sub-NDARINVKW02LRCP,run-04
1470,sub-NDARINVKW02LRCP,run-01
1471,sub-NDARINVKW02LRCP,run-03
1472,sub-NDARINVKW02LRCP,run-02
1473,sub-NDARINVKWYR8JMB,run-03
1474,sub-NDARINVKWYR8JMB,run-02
1475,sub-NDARINVKWYR8JMB,run-01
1476,sub-NDARINVKXX86222,run-03
1477,sub-NDARINVKXX86222,run-02
1478,sub-NDARINVKXX86222,run-01
1479,sub-NDARINVKZ38RVXY,run-04
1480,sub-NDARINVKZ38RVXY,run-03
1481,sub-NDARINVKZ38RVXY,run-02
1482,sub-NDARINVKZ38RVXY,run-01
1483,sub-NDARINVKZ5G9C6C,run-04
1484,sub-NDARINVKZ5G9C6C,run-01
1485,sub-NDARINVKZ5G9C6C,run-03
1486,sub-NDARINVKZ5G9C6C,run-02
1487,sub-NDARINVL00DXXD5,run-04
1488,sub-NDARINVL00DXXD5,run-03
1489,sub-NDARINVL00DXXD5,run-02
1490,sub-NDARINVL456T3RZ,run-02
1491,sub-NDARINVL456T3RZ,run-03
1492,sub-NDARINVL456T3RZ,run-04
1493,sub-NDARINVL4W6Z6C0,run-01
1494,sub-NDARINVL4W6Z6C0,run-03
1495,sub-NDARINVL4W6Z6C0,run-02
1496,sub-NDARINVL8HJ4BVC,run-04
1497,sub-NDARINVL8HJ4BVC,run-01
1498,sub-NDARINVL8HJ4BVC,run-03
1499,sub-NDARINVL8HJ4BVC,run-02
1500,sub-NDARINVL8MTLH03,run-04
1501,sub-NDARINVL8MTLH03,run-03
1502,sub-NDARINVL8MTLH03,run-02
1503,sub-NDARINVL8MTLH03,run-01
1504,sub-NDARINVL9KCH70W,run-04
1505,sub-NDARINVL9KCH70W,run-01
1506,sub-NDARINVL9KCH70W,run-03
1507,sub-NDARINVL9KCH70W,run-02
1508,sub-NDARINVLBB0TDL0,run-03
1509,sub-NDARINVLBB0TDL0,run-01
1510,sub-NDARINVLBB0TDL0,run-02
1511,sub-NDARINVLFE6F5NR,run-04
1512,sub-NDARINVLFE6F5NR,run-03
1513,sub-NDARINVLFE6F5NR,run-02
1514,sub-NDARINVLFE6F5NR,run-01
1515,sub-NDARINVLGHA598L,run-02
1516,sub-NDARINVLGHA598L,run-01
1517,sub-NDARINVLGZ21X0T,run-04
1518,sub-NDARINVLGZ21X0T,run-01
1519,sub-NDARINVLGZ21X0T,run-03
1520,sub-NDARINVLGZ21X0T,run-02
1521,sub-NDARINVLH3PCFW1,run-04
1522,sub-NDARINVLH3PCFW1,run-01
1523,sub-NDARINVLH3PCFW1,run-03
1524,sub-NDARINVLH3PCFW1,run-02
1525,sub-NDARINVLKDHWPWF,run-03
1526,sub-NDARINVLKDHWPWF,run-02
1527,sub-NDARINVLKDHWPWF,run-01
1528,sub-NDARINVLMME1BK2,run-03
1529,sub-NDARINVLMME1BK2,run-02
1530,sub-NDARINVLMME1BK2,run-01
1531,sub-NDARINVLRNZXLDX,run-03
1532,sub-NDARINVLRNZXLDX,run-01
1533,sub-NDARINVLRNZXLDX,run-02
1534,sub-NDARINVLRTEWBMH,run-04
1535,sub-NDARINVLRTEWBMH,run-03
1536,sub-NDARINVLRTEWBMH,run-02
1537,sub-NDARINVLRTEWBMH,run-01
1538,sub-NDARINVLVW41722,run-04
1539,sub-NDARINVLVW41722,run-01
1540,sub-NDARINVLVW41722,run-03
1541,sub-NDARINVLVW41722,run-02
1542,sub-NDARINVLVW6C8DX,run-04
1543,sub-NDARINVLVW6C8DX,run-01
1544,sub-NDARINVLVW6C8DX,run-03
1545,sub-NDARINVLVW6C8DX,run-02
1546,sub-NDARINVLX09YB8N,run-03
1547,sub-NDARINVLX09YB8N,run-02
1548,sub-NDARINVLX09YB8N,run-01
1549,sub-NDARINVLX0YXH5F,run-01
1550,sub-NDARINVLX0YXH5F,run-03
1551,sub-NDARINVLX0YXH5F,run-02
1552,sub-NDARINVLY0ZDHGV,run-04
1553,sub-NDARINVLY0ZDHGV,run-03
1554,sub-NDARINVLY0ZDHGV,run-02
1555,sub-NDARINVLY0ZDHGV,run-01
1556,sub-NDARINVLZBR5BLJ,run-04
1557,sub-NDARINVLZBR5BLJ,run-03
1558,sub-NDARINVLZBR5BLJ,run-02
1559,sub-NDARINVLZBR5BLJ,run-01
1560,sub-NDARINVLZEPNXZU,run-04
1561,sub-NDARINVLZEPNXZU,run-01
1562,sub-NDARINVLZEPNXZU,run-03
1563,sub-NDARINVLZEPNXZU,run-02
1564,sub-NDARINVM3JM9ARN,run-04
1565,sub-NDARINVM3JM9ARN,run-01
1566,sub-NDARINVM3JM9ARN,run-03
1567,sub-NDARINVM3JM9ARN,run-02
1568,sub-NDARINVM3VWCXNN,run-04
1569,sub-NDARINVM3VWCXNN,run-03
1570,sub-NDARINVM3VWCXNN,run-02
1571,sub-NDARINVM3VWCXNN,run-01
1572,sub-NDARINVM6781J8F,run-03
1573,sub-NDARINVM6781J8F,run-02
1574,sub-NDARINVM6781J8F,run-01
1575,sub-NDARINVM7B2FF2Y,run-03
1576,sub-NDARINVM7B2FF2Y,run-02
1577,sub-NDARINVM7B2FF2Y,run-01
1578,sub-NDARINVM889LV1R,run-03
1579,sub-NDARINVM889LV1R,run-02
1580,sub-NDARINVM889LV1R,run-01
1581,sub-NDARINVM8P79888,run-03
1582,sub-NDARINVM8P79888,run-02
1583,sub-NDARINVM8P79888,run-01
1584,sub-NDARINVM96ND9WX,run-04
1585,sub-NDARINVM96ND9WX,run-01
1586,sub-NDARINVM96ND9WX,run-03
1587,sub-NDARINVM96ND9WX,run-02
1588,sub-NDARINVMDEU4XC0,run-04
1589,sub-NDARINVMDEU4XC0,run-01
1590,sub-NDARINVMDEU4XC0,run-03
1591,sub-NDARINVMDEU4XC0,run-02
1592,sub-NDARINVMDWZP1FT,run-03
1593,sub-NDARINVMDWZP1FT,run-02
1594,sub-NDARINVMDWZP1FT,run-01
1595,sub-NDARINVMF445X55,run-03
1596,sub-NDARINVMF445X55,run-02
1597,sub-NDARINVMF445X55,run-01
1598,sub-NDARINVMHCA4296,run-04
1599,sub-NDARINVMHCA4296,run-03
1600,sub-NDARINVMHCA4296,run-02
1601,sub-NDARINVMHCA4296,run-01
1602,sub-NDARINVMHDDJ00W,run-04
1603,sub-NDARINVMHDDJ00W,run-01
1604,sub-NDARINVMHDDJ00W,run-03
1605,sub-NDARINVMHDDJ00W,run-02
1606,sub-NDARINVMJPLXBJT,run-03
1607,sub-NDARINVMJPLXBJT,run-02
1608,sub-NDARINVMJPLXBJT,run-01
1609,sub-NDARINVMKW7RNZ8,run-04
1610,sub-NDARINVMKW7RNZ8,run-03
1611,sub-NDARINVMKW7RNZ8,run-02
1612,sub-NDARINVMKW7RNZ8,run-01
1613,sub-NDARINVML3JWCTF,run-03
1614,sub-NDARINVML3JWCTF,run-02
1615,sub-NDARINVML3JWCTF,run-01
1616,sub-NDARINVMM0GMFCC,run-04
1617,sub-NDARINVMM0GMFCC,run-01
1618,sub-NDARINVMM0GMFCC,run-03
1619,sub-NDARINVMM0GMFCC,run-02
1620,sub-NDARINVMP1NHUFC,run-04
1621,sub-NDARINVMP1NHUFC,run-01
1622,sub-NDARINVMP1NHUFC,run-03
1623,sub-NDARINVMP1NHUFC,run-02
1624,sub-NDARINVMPFRT30T,run-03
1625,sub-NDARINVMPFRT30T,run-02
1626,sub-NDARINVMPFRT30T,run-01
1627,sub-NDARINVMTJLG5JL,run-03
1628,sub-NDARINVMTJLG5JL,run-02
1629,sub-NDARINVMTJLG5JL,run-01
1630,sub-NDARINVMTVMYZRH,run-04
1631,sub-NDARINVMTVMYZRH,run-03
1632,sub-NDARINVMTVMYZRH,run-02
1633,sub-NDARINVMTVMYZRH,run-01
1634,sub-NDARINVMVB45W2X,run-04
1635,sub-NDARINVMVB45W2X,run-01
1636,sub-NDARINVMVB45W2X,run-03
1637,sub-NDARINVMVB45W2X,run-02
1638,sub-NDARINVMWC4BV86,run-04
1639,sub-NDARINVMWC4BV86,run-03
1640,sub-NDARINVMWC4BV86,run-02
1641,sub-NDARINVMWC4BV86,run-01
1642,sub-NDARINVMXGV952X,run-04
1643,sub-NDARINVMXGV952X,run-01
1644,sub-NDARINVMXGV952X,run-03
1645,sub-NDARINVMXGV952X,run-02
1646,sub-NDARINVMZLYE6WZ,run-04
1647,sub-NDARINVMZLYE6WZ,run-03
1648,sub-NDARINVMZLYE6WZ,run-02
1649,sub-NDARINVN4G2HXY1,run-03
1650,sub-NDARINVN4G2HXY1,run-02
1651,sub-NDARINVN4G2HXY1,run-01
1652,sub-NDARINVN5FRRMAK,run-03
1653,sub-NDARINVN5FRRMAK,run-02
1654,sub-NDARINVN5FRRMAK,run-01
1655,sub-NDARINVN7MH5976,run-03
1656,sub-NDARINVN7MH5976,run-02
1657,sub-NDARINVNCUV83U4,run-04
1658,sub-NDARINVNCUV83U4,run-03
1659,sub-NDARINVNCUV83U4,run-02
1660,sub-NDARINVNCUV83U4,run-01
1661,sub-NDARINVNEPC9JXH,run-04
1662,sub-NDARINVNEPC9JXH,run-03
1663,sub-NDARINVNEPC9JXH,run-02
1664,sub-NDARINVNEPC9JXH,run-01
1665,sub-NDARINVNT6BJVLB,run-04
1666,sub-NDARINVNT6BJVLB,run-01
1667,sub-NDARINVNT6BJVLB,run-02
1668,sub-NDARINVNTJF26D6,run-04
1669,sub-NDARINVNTJF26D6,run-03
1670,sub-NDARINVNTJF26D6,run-02
1671,sub-NDARINVNUNMDE7M,run-04
1672,sub-NDARINVNUNMDE7M,run-01
1673,sub-NDARINVNUNMDE7M,run-03
1674,sub-NDARINVNUNMDE7M,run-02
1675,sub-NDARINVNV04JNKA,run-03
1676,sub-NDARINVNV04JNKA,run-02
1677,sub-NDARINVNV04JNKA,run-01
1678,sub-NDARINVNW7JFAN8,run-04
1679,sub-NDARINVNW7JFAN8,run-03
1680,sub-NDARINVNW7JFAN8,run-02
1681,sub-NDARINVNW7JFAN8,run-01
1682,sub-NDARINVP3LDF3U5,run-03
1683,sub-NDARINVP3LDF3U5,run-02
1684,sub-NDARINVP3LDF3U5,run-01
1685,sub-NDARINVP55M5T0X,run-03
1686,sub-NDARINVP55M5T0X,run-02
1687,sub-NDARINVP55M5T0X,run-01
1688,sub-NDARINVP6U14LUE,run-03
1689,sub-NDARINVP6U14LUE,run-02
1690,sub-NDARINVP6U14LUE,run-01
1691,sub-NDARINVP6ZT1BJE,run-04
1692,sub-NDARINVP6ZT1BJE,run-03
1693,sub-NDARINVP6ZT1BJE,run-02
1694,sub-NDARINVP6ZT1BJE,run-01
1695,sub-NDARINVP9L68A4A,run-04
1696,sub-NDARINVP9L68A4A,run-03
1697,sub-NDARINVP9L68A4A,run-02
1698,sub-NDARINVP9L68A4A,run-01
1699,sub-NDARINVPATH0UC3,run-03
1700,sub-NDARINVPATH0UC3,run-02
1701,sub-NDARINVPATH0UC3,run-01
1702,sub-NDARINVPBXK8FNA,run-03
1703,sub-NDARINVPBXK8FNA,run-02
1704,sub-NDARINVPBXK8FNA,run-01
1705,sub-NDARINVPCBB86LH,run-04
1706,sub-NDARINVPCBB86LH,run-01
1707,sub-NDARINVPCBB86LH,run-03
1708,sub-NDARINVPCBB86LH,run-02
1709,sub-NDARINVPCH8JM5B,run-03
1710,sub-NDARINVPCH8JM5B,run-02
1711,sub-NDARINVPCH8JM5B,run-01
1712,sub-NDARINVPEFTDJ7B,run-04
1713,sub-NDARINVPEFTDJ7B,run-03
1714,sub-NDARINVPEFTDJ7B,run-01
1715,sub-NDARINVPF0N5FWX,run-04
1716,sub-NDARINVPF0N5FWX,run-03
1717,sub-NDARINVPF0N5FWX,run-02
1718,sub-NDARINVPF0N5FWX,run-01
1719,sub-NDARINVPHGUL1Z3,run-04
1720,sub-NDARINVPHGUL1Z3,run-03
1721,sub-NDARINVPJ39YVH9,run-02
1722,sub-NDARINVPJ39YVH9,run-01
1723,sub-NDARINVPJ80XL8H,run-04
1724,sub-NDARINVPJ80XL8H,run-03
1725,sub-NDARINVPJ80XL8H,run-02
1726,sub-NDARINVPJ80XL8H,run-01
1727,sub-NDARINVPJF841VD,run-04
1728,sub-NDARINVPJF841VD,run-03
1729,sub-NDARINVPJF841VD,run-01
1730,sub-NDARINVPJF841VD,run-02
1731,sub-NDARINVPL13NA8X,run-01
1732,sub-NDARINVPL13NA8X,run-03
1733,sub-NDARINVPL13NA8X,run-02
1734,sub-NDARINVPL7L6GEM,run-04
1735,sub-NDARINVPL7L6GEM,run-01
1736,sub-NDARINVPL7L6GEM,run-03
1737,sub-NDARINVPL7L6GEM,run-02
1738,sub-NDARINVPMNK4WTH,run-04
1739,sub-NDARINVPMNK4WTH,run-01
1740,sub-NDARINVPMNK4WTH,run-03
1741,sub-NDARINVPMNK4WTH,run-02
1742,sub-NDARINVPXA33ZKY,run-03
1743,sub-NDARINVPXA33ZKY,run-02
1744,sub-NDARINVPXA33ZKY,run-01
1745,sub-NDARINVPXA96T93,run-01
1746,sub-NDARINVPXA96T93,run-03
1747,sub-NDARINVPXA96T93,run-02
1748,sub-NDARINVPZ7DT6XF,run-04
1749,sub-NDARINVPZ7DT6XF,run-01
1750,sub-NDARINVPZ7DT6XF,run-03
1751,sub-NDARINVPZ7DT6XF,run-02
1752,sub-NDARINVPZAWPXFB,run-03
1753,sub-NDARINVPZAWPXFB,run-02
1754,sub-NDARINVPZAWPXFB,run-01
1755,sub-NDARINVR3T709BD,run-03
1756,sub-NDARINVR3T709BD,run-02
1757,sub-NDARINVR3T709BD,run-01
1758,sub-NDARINVR4E2D8Z5,run-03
1759,sub-NDARINVR4E2D8Z5,run-02
1760,sub-NDARINVR4E2D8Z5,run-01
1761,sub-NDARINVR4PV7WZ3,run-03
1762,sub-NDARINVR4PV7WZ3,run-02
1763,sub-NDARINVR4PV7WZ3,run-01
1764,sub-NDARINVR5VKKRM9,run-04
1765,sub-NDARINVR5VKKRM9,run-03
1766,sub-NDARINVR5VKKRM9,run-02
1767,sub-NDARINVR5VKKRM9,run-01
1768,sub-NDARINVR6TLLPMG,run-03
1769,sub-NDARINVR6TLLPMG,run-02
1770,sub-NDARINVR6TLLPMG,run-01
1771,sub-NDARINVR9AJ27WZ,run-01
1772,sub-NDARINVR9AJ27WZ,run-03
1773,sub-NDARINVR9AJ27WZ,run-02
1774,sub-NDARINVRBJT537E,run-04
1775,sub-NDARINVRBJT537E,run-01
1776,sub-NDARINVRBJT537E,run-03
1777,sub-NDARINVRBJT537E,run-02
1778,sub-NDARINVREBD8GTZ,run-04
1779,sub-NDARINVREBD8GTZ,run-01
1780,sub-NDARINVREBD8GTZ,run-03
1781,sub-NDARINVREBD8GTZ,run-02
1782,sub-NDARINVREFXMF6L,run-04
1783,sub-NDARINVREFXMF6L,run-03
1784,sub-NDARINVREFXMF6L,run-02
1785,sub-NDARINVREFXMF6L,run-01
1786,sub-NDARINVRELT7MMW,run-04
1787,sub-NDARINVRELT7MMW,run-03
1788,sub-NDARINVRELT7MMW,run-02
1789,sub-NDARINVRELT7MMW,run-01
1790,sub-NDARINVRFNPYVUU,run-03
1791,sub-NDARINVRFNPYVUU,run-02
1792,sub-NDARINVRFNPYVUU,run-01
1793,sub-NDARINVRG6U88KM,run-04
1794,sub-NDARINVRG6U88KM,run-01
1795,sub-NDARINVRG6U88KM,run-03
1796,sub-NDARINVRG6U88KM,run-02
1797,sub-NDARINVRGP7HTB4,run-04
1798,sub-NDARINVRGP7HTB4,run-01
1799,sub-NDARINVRGP7HTB4,run-03
1800,sub-NDARINVRGP7HTB4,run-02
1801,sub-NDARINVRJ65NCMR,run-04
1802,sub-NDARINVRJ65NCMR,run-01
1803,sub-NDARINVRJ65NCMR,run-03
1804,sub-NDARINVRJ65NCMR,run-02
1805,sub-NDARINVRJY2T5DU,run-03
1806,sub-NDARINVRJY2T5DU,run-02
1807,sub-NDARINVRJY2T5DU,run-01
1808,sub-NDARINVRKYXUEXM,run-04
1809,sub-NDARINVRKYXUEXM,run-01
1810,sub-NDARINVRKYXUEXM,run-03
1811,sub-NDARINVRKYXUEXM,run-02
1812,sub-NDARINVRMAND772,run-04
1813,sub-NDARINVRMAND772,run-01
1814,sub-NDARINVRMAND772,run-03
1815,sub-NDARINVRMAND772,run-02
1816,sub-NDARINVRMH1RF1E,run-04
1817,sub-NDARINVRMH1RF1E,run-01
1818,sub-NDARINVRMH1RF1E,run-03
1819,sub-NDARINVRMH1RF1E,run-02
1820,sub-NDARINVRT64RNWZ,run-03
1821,sub-NDARINVRT64RNWZ,run-02
1822,sub-NDARINVRT64RNWZ,run-01
1823,sub-NDARINVRTZP6F8K,run-04
1824,sub-NDARINVRTZP6F8K,run-01
1825,sub-NDARINVRTZP6F8K,run-03
1826,sub-NDARINVRTZP6F8K,run-02
1827,sub-NDARINVRVDEH2YJ,run-04
1828,sub-NDARINVRVDEH2YJ,run-01
1829,sub-NDARINVRVDEH2YJ,run-03
1830,sub-NDARINVRVDEH2YJ,run-02
1831,sub-NDARINVRVKDMDNH,run-04
1832,sub-NDARINVRVKDMDNH,run-03
1833,sub-NDARINVRVKDMDNH,run-02
1834,sub-NDARINVRVKDMDNH,run-01
1835,sub-NDARINVRW4NW1FC,run-04
1836,sub-NDARINVRW4NW1FC,run-03
1837,sub-NDARINVRW4NW1FC,run-02
1838,sub-NDARINVRW4NW1FC,run-01
1839,sub-NDARINVRX2KLC0M,run-04
1840,sub-NDARINVRX2KLC0M,run-03
1841,sub-NDARINVRX2KLC0M,run-02
1842,sub-NDARINVRY4YXW7M,run-03
1843,sub-NDARINVRY4YXW7M,run-02
1844,sub-NDARINVRY4YXW7M,run-01
1845,sub-NDARINVRZ1BPZ6J,run-04
1846,sub-NDARINVRZ1BPZ6J,run-01
1847,sub-NDARINVRZ1BPZ6J,run-03
1848,sub-NDARINVRZ1BPZ6J,run-02
1849,sub-NDARINVT06LDPZU,run-04
1850,sub-NDARINVT06LDPZU,run-03
1851,sub-NDARINVT06LDPZU,run-02
1852,sub-NDARINVT06LDPZU,run-01
1853,sub-NDARINVT1VTW1HM,run-03
1854,sub-NDARINVT1VTW1HM,run-02
1855,sub-NDARINVT1VTW1HM,run-01
1856,sub-NDARINVT2V8UJ3M,run-04
1857,sub-NDARINVT2V8UJ3M,run-01
1858,sub-NDARINVT2V8UJ3M,run-03
1859,sub-NDARINVT2V8UJ3M,run-02
1860,sub-NDARINVT472A3DT,run-04
1861,sub-NDARINVT472A3DT,run-03
1862,sub-NDARINVT472A3DT,run-02
1863,sub-NDARINVT6Z99TKW,run-03
1864,sub-NDARINVT6Z99TKW,run-02
1865,sub-NDARINVT6Z99TKW,run-01
1866,sub-NDARINVT7HVBTRE,run-04
1867,sub-NDARINVT7HVBTRE,run-02
1868,sub-NDARINVT7HVBTRE,run-01
1869,sub-NDARINVT88PYFND,run-03
1870,sub-NDARINVT88PYFND,run-02
1871,sub-NDARINVT88PYFND,run-01
1872,sub-NDARINVTAFX2KWR,run-04
1873,sub-NDARINVTAFX2KWR,run-03
1874,sub-NDARINVTAFX2KWR,run-02
1875,sub-NDARINVTAFX2KWR,run-01
1876,sub-NDARINVTAN0M8LG,run-04
1877,sub-NDARINVTAN0M8LG,run-01
1878,sub-NDARINVTAN0M8LG,run-03
1879,sub-NDARINVTAN0M8LG,run-02
1880,sub-NDARINVTAP6MEMP,run-03
1881,sub-NDARINVTAP6MEMP,run-02
1882,sub-NDARINVTAP6MEMP,run-01
1883,sub-NDARINVTAPZKUPL,run-01
1884,sub-NDARINVTAPZKUPL,run-03
1885,sub-NDARINVTAPZKUPL,run-02
1886,sub-NDARINVTATNKDNJ,run-04
1887,sub-NDARINVTATNKDNJ,run-03
1888,sub-NDARINVTATNKDNJ,run-02
1889,sub-NDARINVTATNKDNJ,run-01
1890,sub-NDARINVTBJX7XV9,run-03
1891,sub-NDARINVTBJX7XV9,run-02
1892,sub-NDARINVTBJX7XV9,run-01
1893,sub-NDARINVTDJD7JZ2,run-03
1894,sub-NDARINVTDJD7JZ2,run-02
1895,sub-NDARINVTDJD7JZ2,run-01
1896,sub-NDARINVTDK7YAGN,run-05
1897,sub-NDARINVTDK7YAGN,run-03
1898,sub-NDARINVTDK7YAGN,run-04
1899,sub-NDARINVTDK7YAGN,run-01
1900,sub-NDARINVTE65EW0X,run-05
1901,sub-NDARINVTE65EW0X,run-03
1902,sub-NDARINVTE65EW0X,run-04
1903,sub-NDARINVTE65EW0X,run-02
1904,sub-NDARINVTFJ2LGCD,run-04
1905,sub-NDARINVTFJ2LGCD,run-01
1906,sub-NDARINVTFJ2LGCD,run-03
1907,sub-NDARINVTFJ2LGCD,run-02
1908,sub-NDARINVTFPK1DRW,run-04
1909,sub-NDARINVTFPK1DRW,run-01
1910,sub-NDARINVTFPK1DRW,run-03
1911,sub-NDARINVTFPK1DRW,run-02
1912,sub-NDARINVTH6DHG5Y,run-04
1913,sub-NDARINVTH6DHG5Y,run-01
1914,sub-NDARINVTH6DHG5Y,run-03
1915,sub-NDARINVTH6DHG5Y,run-02
1916,sub-NDARINVTMRGF3F4,run-03
1917,sub-NDARINVTMRGF3F4,run-02
1918,sub-NDARINVTMRGF3F4,run-01
1919,sub-NDARINVTT0WEJUX,run-04
1920,sub-NDARINVTT0WEJUX,run-03
1921,sub-NDARINVTT0WEJUX,run-02
1922,sub-NDARINVTT0WEJUX,run-01
1923,sub-NDARINVTTYCH8LT,run-03
1924,sub-NDARINVTTYCH8LT,run-02
1925,sub-NDARINVTTYCH8LT,run-01
1926,sub-NDARINVTVZVDPG7,run-04
1927,sub-NDARINVTVZVDPG7,run-03
1928,sub-NDARINVTVZVDPG7,run-02
1929,sub-NDARINVTVZVDPG7,run-01
1930,sub-NDARINVTWB035Y1,run-04
1931,sub-NDARINVTWB035Y1,run-01
1932,sub-NDARINVTWB035Y1,run-03
1933,sub-NDARINVTWB035Y1,run-02
1934,sub-NDARINVTZ6EYWUJ,run-04
1935,sub-NDARINVTZ6EYWUJ,run-03
1936,sub-NDARINVTZ6EYWUJ,run-02
1937,sub-NDARINVTZ6EYWUJ,run-01
1938,sub-NDARINVU3XLKGUY,run-04
1939,sub-NDARINVU3XLKGUY,run-03
1940,sub-NDARINVU3XLKGUY,run-02
1941,sub-NDARINVU3XLKGUY,run-01
1942,sub-NDARINVU3ZHJV5Z,run-02
1943,sub-NDARINVU3ZHJV5Z,run-01
1944,sub-NDARINVU5T2LA5F,run-04
1945,sub-NDARINVU5T2LA5F,run-01
1946,sub-NDARINVU5T2LA5F,run-03
1947,sub-NDARINVU5T2LA5F,run-02
1948,sub-NDARINVU8X5T2WD,run-03
1949,sub-NDARINVU8X5T2WD,run-02
1950,sub-NDARINVU8X5T2WD,run-01
1951,sub-NDARINVUBFY4UNN,run-04
1952,sub-NDARINVUBFY4UNN,run-01
1953,sub-NDARINVUBFY4UNN,run-03
1954,sub-NDARINVUBFY4UNN,run-02
1955,sub-NDARINVUBKLVB72,run-03
1956,sub-NDARINVUBKLVB72,run-02
1957,sub-NDARINVUBKLVB72,run-01
1958,sub-NDARINVUD0M0169,run-04
1959,sub-NDARINVUD0M0169,run-02
1960,sub-NDARINVUD0M0169,run-01
1961,sub-NDARINVUDUKRV36,run-03
1962,sub-NDARINVUDUKRV36,run-02
1963,sub-NDARINVUDUKRV36,run-01
1964,sub-NDARINVUF00N1FK,run-04
1965,sub-NDARINVUF00N1FK,run-01
1966,sub-NDARINVUF00N1FK,run-03
1967,sub-NDARINVUF00N1FK,run-02
1968,sub-NDARINVUKDUJYJH,run-04
1969,sub-NDARINVUKDUJYJH,run-02
1970,sub-NDARINVUKDUJYJH,run-01
1971,sub-NDARINVUN2A7AA5,run-04
1972,sub-NDARINVUN2A7AA5,run-01
1973,sub-NDARINVUN2A7AA5,run-03
1974,sub-NDARINVUN2A7AA5,run-02
1975,sub-NDARINVUNZ46TB8,run-03
1976,sub-NDARINVUNZ46TB8,run-02
1977,sub-NDARINVUNZ46TB8,run-01
1978,sub-NDARINVUP3WUX7T,run-04
1979,sub-NDARINVUP3WUX7T,run-03
1980,sub-NDARINVUP3WUX7T,run-02
1981,sub-NDARINVUP3WUX7T,run-01
1982,sub-NDARINVUU2VUW5T,run-03
1983,sub-NDARINVUU2VUW5T,run-02
1984,sub-NDARINVUU2VUW5T,run-01
1985,sub-NDARINVUU9P706U,run-04
1986,sub-NDARINVUU9P706U,run-01
1987,sub-NDARINVUU9P706U,run-03
1988,sub-NDARINVUU9P706U,run-02
1989,sub-NDARINVUUP2MCRU,run-04
1990,sub-NDARINVUUP2MCRU,run-03
1991,sub-NDARINVUUP2MCRU,run-02
1992,sub-NDARINVUUP2MCRU,run-01
1993,sub-NDARINVUVHFPBMC,run-04
1994,sub-NDARINVUVHFPBMC,run-02
1995,sub-NDARINVUVHFPBMC,run-01
1996,sub-NDARINVUVP8NKL5,run-04
1997,sub-NDARINVUVP8NKL5,run-03
1998,sub-NDARINVUVP8NKL5,run-02
1999,sub-NDARINVUVP8NKL5,run-01
2000,sub-NDARINVUX20B6L5,run-04
2001,sub-NDARINVUX20B6L5,run-03
2002,sub-NDARINVUX20B6L5,run-02
2003,sub-NDARINVUX20B6L5,run-01
2004,sub-NDARINVUYU4JRJA,run-04
2005,sub-NDARINVUYU4JRJA,run-03
2006,sub-NDARINVUYU4JRJA,run-02
2007,sub-NDARINVUZYC1YD6,run-03
2008,sub-NDARINVUZYC1YD6,run-02
2009,sub-NDARINVUZYC1YD6,run-01
2010,sub-NDARINVV2J19CN2,run-03
2011,sub-NDARINVV2J19CN2,run-02
2012,sub-NDARINVV2J19CN2,run-01
2013,sub-NDARINVV381L7JK,run-04
2014,sub-NDARINVV381L7JK,run-03
2015,sub-NDARINVV381L7JK,run-02
2016,sub-NDARINVV4RPD9NA,run-03
2017,sub-NDARINVV4RPD9NA,run-02
2018,sub-NDARINVV4RPD9NA,run-01
2019,sub-NDARINVV4XY140Z,run-03
2020,sub-NDARINVV4XY140Z,run-02
2021,sub-NDARINVV4XY140Z,run-01
2022,sub-NDARINVV54EMBM7,run-04
2023,sub-NDARINVV54EMBM7,run-01
2024,sub-NDARINVV54EMBM7,run-03
2025,sub-NDARINVV54EMBM7,run-02
2026,sub-NDARINVV5TKBR0Y,run-04
2027,sub-NDARINVV5TKBR0Y,run-01
2028,sub-NDARINVV5TKBR0Y,run-03
2029,sub-NDARINVV5TKBR0Y,run-02
2030,sub-NDARINVVBH246B9,run-04
2031,sub-NDARINVVBH246B9,run-03
2032,sub-NDARINVVBH246B9,run-02
2033,sub-NDARINVVBH246B9,run-01
2034,sub-NDARINVVCKR7V40,run-03
2035,sub-NDARINVVCKR7V40,run-02
2036,sub-NDARINVVCKR7V40,run-01
2037,sub-NDARINVVD8NUGKM,run-04
2038,sub-NDARINVVD8NUGKM,run-03
2039,sub-NDARINVVD8NUGKM,run-02
2040,sub-NDARINVVD8NUGKM,run-01
2041,sub-NDARINVVFKCK80B,run-04
2042,sub-NDARINVVFKCK80B,run-03
2043,sub-NDARINVVFKCK80B,run-02
2044,sub-NDARINVVFKCK80B,run-01
2045,sub-NDARINVVGNCVUXB,run-04
2046,sub-NDARINVVGNCVUXB,run-03
2047,sub-NDARINVVGNCVUXB,run-02
2048,sub-NDARINVVGNCVUXB,run-01
2049,sub-NDARINVVHBYV2NC,run-03
2050,sub-NDARINVVHBYV2NC,run-02
2051,sub-NDARINVVHBYV2NC,run-01
2052,sub-NDARINVVJ4BVBAV,run-04
2053,sub-NDARINVVJ4BVBAV,run-03
2054,sub-NDARINVVJ4BVBAV,run-02
2055,sub-NDARINVVJ4BVBAV,run-01
2056,sub-NDARINVVJBX89D6,run-03
2057,sub-NDARINVVJBX89D6,run-02
2058,sub-NDARINVVJBX89D6,run-01
2059,sub-NDARINVVM3WVMV7,run-04
2060,sub-NDARINVVM3WVMV7,run-01
2061,sub-NDARINVVM3WVMV7,run-03
2062,sub-NDARINVVM3WVMV7,run-02
2063,sub-NDARINVVMHC7BEX,run-04
2064,sub-NDARINVVMHC7BEX,run-02
2065,sub-NDARINVVMHC7BEX,run-01
2066,sub-NDARINVVMHTUJHX,run-03
2067,sub-NDARINVVMHTUJHX,run-02
2068,sub-NDARINVVMHTUJHX,run-01
2069,sub-NDARINVVP326VDY,run-04
2070,sub-NDARINVVP326VDY,run-03
2071,sub-NDARINVVP326VDY,run-02
2072,sub-NDARINVVP326VDY,run-01
2073,sub-NDARINVVR8GJJYB,run-04
2074,sub-NDARINVVR8GJJYB,run-01
2075,sub-NDARINVVR8GJJYB,run-03
2076,sub-NDARINVVR8GJJYB,run-02
2077,sub-NDARINVVT22AKPY,run-04
2078,sub-NDARINVVT22AKPY,run-03
2079,sub-NDARINVVT22AKPY,run-02
2080,sub-NDARINVVT22AKPY,run-01
2081,sub-NDARINVVZ1LY5EP,run-03
2082,sub-NDARINVVZ1LY5EP,run-02
2083,sub-NDARINVVZ1LY5EP,run-01
2084,sub-NDARINVVZ76D1UR,run-04
2085,sub-NDARINVVZ76D1UR,run-03
2086,sub-NDARINVVZ76D1UR,run-02
2087,sub-NDARINVVZ76D1UR,run-01
2088,sub-NDARINVVZ900L8H,run-05
2089,sub-NDARINVVZ900L8H,run-03
2090,sub-NDARINVVZ900L8H,run-02
2091,sub-NDARINVVZ900L8H,run-04
2092,sub-NDARINVW2L5FYC0,run-04
2093,sub-NDARINVW2L5FYC0,run-01
2094,sub-NDARINVW2L5FYC0,run-03
2095,sub-NDARINVW2L5FYC0,run-02
2096,sub-NDARINVW323P74D,run-04
2097,sub-NDARINVW323P74D,run-01
2098,sub-NDARINVW323P74D,run-03
2099,sub-NDARINVW323P74D,run-02
2100,sub-NDARINVW482U9L4,run-04
2101,sub-NDARINVW482U9L4,run-01
2102,sub-NDARINVW482U9L4,run-03
2103,sub-NDARINVW482U9L4,run-02
2104,sub-NDARINVWCV58UKD,run-04
2105,sub-NDARINVWCV58UKD,run-03
2106,sub-NDARINVWCV58UKD,run-02
2107,sub-NDARINVWCV58UKD,run-01
2108,sub-NDARINVWDCENDZ9,run-04
2109,sub-NDARINVWDCENDZ9,run-03
2110,sub-NDARINVWDCENDZ9,run-02
2111,sub-NDARINVWDCENDZ9,run-01
2112,sub-NDARINVWDG85F4T,run-04
2113,sub-NDARINVWDG85F4T,run-03
2114,sub-NDARINVWDG85F4T,run-02
2115,sub-NDARINVWDG85F4T,run-01
2116,sub-NDARINVWFL8DCPR,run-04
2117,sub-NDARINVWFL8DCPR,run-03
2118,sub-NDARINVWFL8DCPR,run-02
2119,sub-NDARINVWFL8DCPR,run-01
2120,sub-NDARINVWMKGJZXX,run-03
2121,sub-NDARINVWMKGJZXX,run-02
2122,sub-NDARINVWMKGJZXX,run-01
2123,sub-NDARINVWP0ZYHN3,run-04
2124,sub-NDARINVWP0ZYHN3,run-03
2125,sub-NDARINVWP0ZYHN3,run-02
2126,sub-NDARINVWP0ZYHN3,run-01
2127,sub-NDARINVWXF9B2KG,run-04
2128,sub-NDARINVWXF9B2KG,run-03
2129,sub-NDARINVWXF9B2KG,run-01
2130,sub-NDARINVWXLHTR31,run-03
2131,sub-NDARINVWXLHTR31,run-02
2132,sub-NDARINVWXLHTR31,run-01
2133,sub-NDARINVWZJ7FKG5,run-01
2134,sub-NDARINVWZJ7FKG5,run-03
2135,sub-NDARINVWZJ7FKG5,run-02
2136,sub-NDARINVX16TFXG3,run-04
2137,sub-NDARINVX16TFXG3,run-01
2138,sub-NDARINVX16TFXG3,run-03
2139,sub-NDARINVX16TFXG3,run-02
2140,sub-NDARINVX34ZUB94,run-04
2141,sub-NDARINVX34ZUB94,run-01
2142,sub-NDARINVX34ZUB94,run-03
2143,sub-NDARINVX34ZUB94,run-02
2144,sub-NDARINVX3GV1FW0,run-04
2145,sub-NDARINVX3GV1FW0,run-03
2146,sub-NDARINVX3GV1FW0,run-02
2147,sub-NDARINVX7KKFJ5E,run-04
2148,sub-NDARINVX7KKFJ5E,run-01
2149,sub-NDARINVX7KKFJ5E,run-02
2150,sub-NDARINVX9N847R2,run-04
2151,sub-NDARINVX9N847R2,run-01
2152,sub-NDARINVX9N847R2,run-03
2153,sub-NDARINVX9N847R2,run-02
2154,sub-NDARINVX9XKM89P,run-03
2155,sub-NDARINVX9XKM89P,run-02
2156,sub-NDARINVX9XKM89P,run-01
2157,sub-NDARINVXALFHN4F,run-03
2158,sub-NDARINVXALFHN4F,run-02
2159,sub-NDARINVXALFHN4F,run-01
2160,sub-NDARINVXB686CP7,run-03
2161,sub-NDARINVXB686CP7,run-02
2162,sub-NDARINVXB686CP7,run-01
2163,sub-NDARINVXBB6NT2L,run-04
2164,sub-NDARINVXBB6NT2L,run-03
2165,sub-NDARINVXBB6NT2L,run-02
2166,sub-NDARINVXECRNL56,run-03
2167,sub-NDARINVXECRNL56,run-02
2168,sub-NDARINVXECRNL56,run-01
2169,sub-NDARINVXEYPED0K,run-04
2170,sub-NDARINVXEYPED0K,run-01
2171,sub-NDARINVXEYPED0K,run-03
2172,sub-NDARINVXEYPED0K,run-02
2173,sub-NDARINVXFURZ24F,run-04
2174,sub-NDARINVXFURZ24F,run-02
2175,sub-NDARINVXFURZ24F,run-01
2176,sub-NDARINVXG13EX2M,run-04
2177,sub-NDARINVXG13EX2M,run-03
2178,sub-NDARINVXG13EX2M,run-02
2179,sub-NDARINVXG13EX2M,run-01
2180,sub-NDARINVXHKRJC1C,run-04
2181,sub-NDARINVXHKRJC1C,run-03
2182,sub-NDARINVXHKRJC1C,run-02
2183,sub-NDARINVXHKRJC1C,run-01
2184,sub-NDARINVXMWVP3Y9,run-04
2185,sub-NDARINVXMWVP3Y9,run-01
2186,sub-NDARINVXUJFABEC,run-02
2187,sub-NDARINVXUJFABEC,run-01
2188,sub-NDARINVXUJFABEC,run-03
2189,sub-NDARINVXV9TRYCZ,run-04
2190,sub-NDARINVXV9TRYCZ,run-03
2191,sub-NDARINVXV9TRYCZ,run-02
2192,sub-NDARINVXV9TRYCZ,run-01
2193,sub-NDARINVXVAB3PXP,run-04
2194,sub-NDARINVXVAB3PXP,run-01
2195,sub-NDARINVXVAB3PXP,run-03
2196,sub-NDARINVXVAB3PXP,run-02
2197,sub-NDARINVXVUGTFV5,run-03
2198,sub-NDARINVXVUGTFV5,run-02
2199,sub-NDARINVXVUGTFV5,run-01
2200,sub-NDARINVXW6WYXN6,run-03
2201,sub-NDARINVXW6WYXN6,run-02
2202,sub-NDARINVXW6WYXN6,run-01
2203,sub-NDARINVY17ZU37V,run-03
2204,sub-NDARINVY17ZU37V,run-02
2205,sub-NDARINVY17ZU37V,run-01
2206,sub-NDARINVY2EFVF4F,run-03
2207,sub-NDARINVY2EFVF4F,run-02
2208,sub-NDARINVY2EFVF4F,run-01
2209,sub-NDARINVY2R1V4KT,run-04
2210,sub-NDARINVY2R1V4KT,run-02
2211,sub-NDARINVY2R1V4KT,run-01
2212,sub-NDARINVY43H2LJL,run-04
2213,sub-NDARINVY43H2LJL,run-01
2214,sub-NDARINVY43H2LJL,run-03
2215,sub-NDARINVY43H2LJL,run-02
2216,sub-NDARINVY4NY9NDV,run-03
2217,sub-NDARINVY4NY9NDV,run-02
2218,sub-NDARINVY4NY9NDV,run-01
2219,sub-NDARINVY4WGB6A3,run-04
2220,sub-NDARINVY4WGB6A3,run-03
2221,sub-NDARINVY4WGB6A3,run-02
2222,sub-NDARINVY4WGB6A3,run-01
2223,sub-NDARINVY5VUA73W,run-03
2224,sub-NDARINVY5VUA73W,run-02
2225,sub-NDARINVY5VUA73W,run-01
2226,sub-NDARINVY5XMUWB0,run-04
2227,sub-NDARINVY5XMUWB0,run-01
2228,sub-NDARINVY5XMUWB0,run-03
2229,sub-NDARINVY5XMUWB0,run-02
2230,sub-NDARINVY6FE3R8A,run-01
2231,sub-NDARINVY6FE3R8A,run-03
2232,sub-NDARINVY6FE3R8A,run-02
2233,sub-NDARINVYA6B3A5N,run-04
2234,sub-NDARINVYA6B3A5N,run-03
2235,sub-NDARINVYA6B3A5N,run-02
2236,sub-NDARINVYA6B3A5N,run-01
2237,sub-NDARINVYDTVRPWV,run-03
2238,sub-NDARINVYDTVRPWV,run-02
2239,sub-NDARINVYDTVRPWV,run-01
2240,sub-NDARINVYFMUX7R3,run-04
2241,sub-NDARINVYFMUX7R3,run-01
2242,sub-NDARINVYFMUX7R3,run-03
2243,sub-NDARINVYFMUX7R3,run-02
2244,sub-NDARINVYGPAVGFJ,run-01
2245,sub-NDARINVYGPAVGFJ,run-04
2246,sub-NDARINVYGPAVGFJ,run-03
2247,sub-NDARINVYGPAVGFJ,run-02
2248,sub-NDARINVYLNRHT83,run-04
2249,sub-NDARINVYLNRHT83,run-01
2250,sub-NDARINVYLNRHT83,run-03
2251,sub-NDARINVYLNRHT83,run-02
2252,sub-NDARINVYLTE2PT9,run-04
2253,sub-NDARINVYLTE2PT9,run-01
2254,sub-NDARINVYLTE2PT9,run-03
2255,sub-NDARINVYLTE2PT9,run-02
2256,sub-NDARINVYM2Y11M1,run-03
2257,sub-NDARINVYM2Y11M1,run-02
2258,sub-NDARINVYM2Y11M1,run-01
2259,sub-NDARINVYPJK6AC5,run-03
2260,sub-NDARINVYPJK6AC5,run-02
2261,sub-NDARINVYPJK6AC5,run-01
2262,sub-NDARINVYRVP8LV1,run-03
2263,sub-NDARINVYRVP8LV1,run-02
2264,sub-NDARINVYRVP8LV1,run-01
2265,sub-NDARINVYU8GX8G7,run-03
2266,sub-NDARINVYU8GX8G7,run-02
2267,sub-NDARINVYU8GX8G7,run-01
2268,sub-NDARINVYVJATKX1,run-04
2269,sub-NDARINVYVJATKX1,run-03
2270,sub-NDARINVYVJATKX1,run-02
2271,sub-NDARINVYVJATKX1,run-01
2272,sub-NDARINVYW9MFMW8,run-04
2273,sub-NDARINVYW9MFMW8,run-03
2274,sub-NDARINVYW9MFMW8,run-02
2275,sub-NDARINVYW9MFMW8,run-01
2276,sub-NDARINVYXHBN74V,run-03
2277,sub-NDARINVYXHBN74V,run-02
2278,sub-NDARINVYXHBN74V,run-01
2279,sub-NDARINVYXRGTMYM,run-03
2280,sub-NDARINVYXRGTMYM,run-02
2281,sub-NDARINVYXRGTMYM,run-01
2282,sub-NDARINVYZ0U1DGC,run-03
2283,sub-NDARINVYZ0U1DGC,run-02
2284,sub-NDARINVYZ0U1DGC,run-01
2285,sub-NDARINVYZGRYL84,run-03
2286,sub-NDARINVYZGRYL84,run-02
2287,sub-NDARINVYZGRYL84,run-01
2288,sub-NDARINVZ0MP06TT,run-03
2289,sub-NDARINVZ0MP06TT,run-02
2290,sub-NDARINVZ0MP06TT,run-01
2291,sub-NDARINVZ48R1346,run-03
2292,sub-NDARINVZ48R1346,run-02
2293,sub-NDARINVZ48R1346,run-01
2294,sub-NDARINVZ6ZWJ1W6,run-04
2295,sub-NDARINVZ6ZWJ1W6,run-01
2296,sub-NDARINVZ6ZWJ1W6,run-03
2297,sub-NDARINVZ6ZWJ1W6,run-02
2298,sub-NDARINVZCCYZY0V,run-04
2299,sub-NDARINVZCCYZY0V,run-03
2300,sub-NDARINVZE3L2GCN,run-03
2301,sub-NDARINVZE3L2GCN,run-02
2302,sub-NDARINVZE3L2GCN,run-01
2303,sub-NDARINVZFGU643V,run-04
2304,sub-NDARINVZFGU643V,run-03
2305,sub-NDARINVZFGU643V,run-02
2306,sub-NDARINVZFGU643V,run-01
2307,sub-NDARINVZH7LD600,run-03
2308,sub-NDARINVZH7LD600,run-02
2309,sub-NDARINVZH7LD600,run-01
2310,sub-NDARINVZJYGP0WE,run-04
2311,sub-NDARINVZJYGP0WE,run-03
2312,sub-NDARINVZJYGP0WE,run-02
2313,sub-NDARINVZJYGP0WE,run-01
2314,sub-NDARINVZK8052MG,run-03
2315,sub-NDARINVZK8052MG,run-02
2316,sub-NDARINVZK8052MG,run-01
2317,sub-NDARINVZKJXBJMM,run-03
2318,sub-NDARINVZKJXBJMM,run-02
2319,sub-NDARINVZKJXBJMM,run-01
2320,sub-NDARINVZKYLLADV,run-04
2321,sub-NDARINVZKYLLADV,run-03
2322,sub-NDARINVZKYLLADV,run-02
2323,sub-NDARINVZKYLLADV,run-01
2324,sub-NDARINVZN9E7J06,run-04
2325,sub-NDARINVZN9E7J06,run-03
2326,sub-NDARINVZN9E7J06,run-02
2327,sub-NDARINVZN9E7J06,run-01
2328,sub-NDARINVZPTGXKT8,run-04
2329,sub-NDARINVZPTGXKT8,run-03
2330,sub-NDARINVZPTGXKT8,run-02
2331,sub-NDARINVZPTGXKT8,run-01
2332,sub-NDARINVZR16R6Y3,run-03
2333,sub-NDARINVZR16R6Y3,run-02
2334,sub-NDARINVZR16R6Y3,run-01
2335,sub-NDARINVZT44Y065,run-04
2336,sub-NDARINVZT44Y065,run-03
2337,sub-NDARINVZT44Y065,run-01
2338,sub-NDARINVZT44Y065,run-02
2339,sub-NDARINVZTPV9V4Z,run-04
2340,sub-NDARINVZTPV9V4Z,run-01
2341,sub-NDARINVZTPV9V4Z,run-03
2342,sub-NDARINVZTPV9V4Z,run-02
2343,sub-NDARINVZWP0XZ9A,run-03
2344,sub-NDARINVZWP0XZ9A,run-02
2345,sub-NDARINVZWP0XZ9A,run-01
2346,sub-NDARINVZYC44GB8,run-04
2347,sub-NDARINVZYC44GB8,run-03
2348,sub-NDARINVZYC44GB8,run-02
2349,sub-NDARINVZYC44GB8,run-01