"","id0","id1"
"1","sub-NDARINV05CA3VX5","run-01"
"2","sub-NDARINV05CA3VX5","run-04"
"3","sub-NDARINV05CA3VX5","run-03"
"4","sub-NDARINV05CA3VX5","run-02"
"5","sub-NDARINV042UJKFB","run-04"
"6","sub-NDARINV042UJKFB","run-02"
"7","sub-NDARINV042UJKFB","run-01"
"8","sub-NDARINV042UJKFB","run-03"
"9","sub-NDARINV08DNLREC","run-03"
"10","sub-NDARINV08DNLREC","run-04"
"11","sub-NDARINV08DNLREC","run-02"
"12","sub-NDARINV08DNLREC","run-01"
"13","sub-NDARINV0A9K5L4R","run-01"
"14","sub-NDARINV0A9K5L4R","run-03"
"15","sub-NDARINV0A9K5L4R","run-02"
"16","sub-NDARINV07XG8391","run-03"
"17","sub-NDARINV07XG8391","run-02"
"18","sub-NDARINV07XG8391","run-01"
"19","sub-NDARINV0CBPKF6W","run-01"
"20","sub-NDARINV0CBPKF6W","run-03"
"21","sub-NDARINV0CBPKF6W","run-02"
"22","sub-NDARINV0DBRJXKG","run-03"
"23","sub-NDARINV0DBRJXKG","run-02"
"24","sub-NDARINV0DG8XR2P","run-04"
"25","sub-NDARINV0DG8XR2P","run-03"
"26","sub-NDARINV0DG8XR2P","run-01"
"27","sub-NDARINV0DG8XR2P","run-02"
"28","sub-NDARINV0EV57VEX","run-04"
"29","sub-NDARINV0EV57VEX","run-01"
"30","sub-NDARINV0EV57VEX","run-03"
"31","sub-NDARINV0EV57VEX","run-02"
"32","sub-NDARINV0HH094Z9","run-04"
"33","sub-NDARINV0HH094Z9","run-03"
"34","sub-NDARINV0HH094Z9","run-02"
"35","sub-NDARINV0HH094Z9","run-01"
"36","sub-NDARINV0J1M2ETU","run-03"
"37","sub-NDARINV0J1M2ETU","run-02"
"38","sub-NDARINV0J1M2ETU","run-01"
"39","sub-NDARINV0K1RBPXM","run-04"
"40","sub-NDARINV0K1RBPXM","run-03"
"41","sub-NDARINV0K1RBPXM","run-02"
"42","sub-NDARINV0K1RBPXM","run-01"
"43","sub-NDARINV0LKZCJ15","run-04"
"44","sub-NDARINV0LKZCJ15","run-01"
"45","sub-NDARINV0LKZCJ15","run-03"
"46","sub-NDARINV0LKZCJ15","run-02"
"47","sub-NDARINV0PLKFP06","run-03"
"48","sub-NDARINV0PLKFP06","run-02"
"49","sub-NDARINV0PLKFP06","run-01"
"50","sub-NDARINV0RG4KBRB","run-04"
"51","sub-NDARINV0RG4KBRB","run-01"
"52","sub-NDARINV0RG4KBRB","run-03"
"53","sub-NDARINV0RG4KBRB","run-02"
"54","sub-NDARINV0U317B9P","run-04"
"55","sub-NDARINV0U317B9P","run-01"
"56","sub-NDARINV0U317B9P","run-03"
"57","sub-NDARINV0U317B9P","run-02"
"58","sub-NDARINV0VL8XV09","run-04"
"59","sub-NDARINV0VL8XV09","run-01"
"60","sub-NDARINV0VL8XV09","run-03"
"61","sub-NDARINV0VL8XV09","run-02"
"62","sub-NDARINV0Y712XLV","run-03"
"63","sub-NDARINV0Y712XLV","run-02"
"64","sub-NDARINV0Y712XLV","run-01"
"65","sub-NDARINV0Y8YJ2UR","run-02"
"66","sub-NDARINV0Y8YJ2UR","run-04"
"67","sub-NDARINV14R3MHDX","run-04"
"68","sub-NDARINV14R3MHDX","run-03"
"69","sub-NDARINV14R3MHDX","run-02"
"70","sub-NDARINV14R3MHDX","run-01"
"71","sub-NDARINV1510CJF1","run-04"
"72","sub-NDARINV1510CJF1","run-01"
"73","sub-NDARINV1510CJF1","run-03"
"74","sub-NDARINV1510CJF1","run-02"
"75","sub-NDARINV174DUV2F","run-01"
"76","sub-NDARINV174DUV2F","run-03"
"77","sub-NDARINV174DUV2F","run-02"
"78","sub-NDARINV17UL1T8L","run-01"
"79","sub-NDARINV17UL1T8L","run-03"
"80","sub-NDARINV17UL1T8L","run-02"
"81","sub-NDARINV19UPJ1X0","run-04"
"82","sub-NDARINV19UPJ1X0","run-03"
"83","sub-NDARINV19UPJ1X0","run-02"
"84","sub-NDARINV19UPJ1X0","run-01"
"85","sub-NDARINV1B4T30A9","run-04"
"86","sub-NDARINV1B4T30A9","run-03"
"87","sub-NDARINV1B4T30A9","run-02"
"88","sub-NDARINV1BWHMRFY","run-03"
"89","sub-NDARINV1BWHMRFY","run-02"
"90","sub-NDARINV1BWHMRFY","run-01"
"91","sub-NDARINV1DZ2VF5K","run-04"
"92","sub-NDARINV1DZ2VF5K","run-03"
"93","sub-NDARINV1DZ2VF5K","run-02"
"94","sub-NDARINV1DZ2VF5K","run-01"
"95","sub-NDARINV1ENGFTE3","run-04"
"96","sub-NDARINV1ENGFTE3","run-03"
"97","sub-NDARINV1ENGFTE3","run-01"
"98","sub-NDARINV1ENGFTE3","run-02"
"99","sub-NDARINV1GDLVYHH","run-04"
"100","sub-NDARINV1GDLVYHH","run-01"
"101","sub-NDARINV1GDLVYHH","run-03"
"102","sub-NDARINV1GDLVYHH","run-02"
"103","sub-NDARINV1J2LV4NY","run-04"
"104","sub-NDARINV1J2LV4NY","run-01"
"105","sub-NDARINV1J2LV4NY","run-03"
"106","sub-NDARINV1J2LV4NY","run-02"
"107","sub-NDARINV1KXK7MDF","run-04"
"108","sub-NDARINV1KXK7MDF","run-01"
"109","sub-NDARINV1KXK7MDF","run-03"
"110","sub-NDARINV1KXK7MDF","run-02"
"111","sub-NDARINV1N0V1BUP","run-04"
"112","sub-NDARINV1N0V1BUP","run-01"
"113","sub-NDARINV1N0V1BUP","run-02"
"114","sub-NDARINV1VCGLA8W","run-01"
"115","sub-NDARINV1VCGLA8W","run-03"
"116","sub-NDARINV1VCGLA8W","run-02"
"117","sub-NDARINV1Z2F3AA0","run-04"
"118","sub-NDARINV1Z2F3AA0","run-02"
"119","sub-NDARINV1ZK1A3NG","run-04"
"120","sub-NDARINV1ZK1A3NG","run-03"
"121","sub-NDARINV1ZK1A3NG","run-02"
"122","sub-NDARINV1ZK1A3NG","run-01"
"123","sub-NDARINV1ZY3ZR47","run-01"
"124","sub-NDARINV1ZY3ZR47","run-04"
"125","sub-NDARINV1ZY3ZR47","run-03"
"126","sub-NDARINV1ZY3ZR47","run-02"
"127","sub-NDARINV20CNYBBC","run-03"
"128","sub-NDARINV20CNYBBC","run-02"
"129","sub-NDARINV20CNYBBC","run-01"
"130","sub-NDARINV23XHKMH5","run-05"
"131","sub-NDARINV23XHKMH5","run-03"
"132","sub-NDARINV23XHKMH5","run-04"
"133","sub-NDARINV23XHKMH5","run-02"
"134","sub-NDARINV24LWV4C5","run-02"
"135","sub-NDARINV24LWV4C5","run-01"
"136","sub-NDARINV24LWV4C5","run-03"
"137","sub-NDARINV26L6B73E","run-04"
"138","sub-NDARINV26L6B73E","run-01"
"139","sub-NDARINV26L6B73E","run-03"
"140","sub-NDARINV26L6B73E","run-02"
"141","sub-NDARINV28D3LRLF","run-04"
"142","sub-NDARINV28D3LRLF","run-01"
"143","sub-NDARINV28D3LRLF","run-03"
"144","sub-NDARINV28D3LRLF","run-02"
"145","sub-NDARINV28X6J47M","run-04"
"146","sub-NDARINV28X6J47M","run-01"
"147","sub-NDARINV28X6J47M","run-02"
"148","sub-NDARINV28YL6NAY","run-04"
"149","sub-NDARINV28YL6NAY","run-03"
"150","sub-NDARINV28YL6NAY","run-02"
"151","sub-NDARINV28YL6NAY","run-01"
"152","sub-NDARINV29RMU5LN","run-04"
"153","sub-NDARINV29RMU5LN","run-03"
"154","sub-NDARINV29RMU5LN","run-02"
"155","sub-NDARINV29RMU5LN","run-01"
"156","sub-NDARINV2AKVW3V7","run-04"
"157","sub-NDARINV2AKVW3V7","run-01"
"158","sub-NDARINV2AKVW3V7","run-03"
"159","sub-NDARINV2AKVW3V7","run-02"
"160","sub-NDARINV2K16Y0LC","run-04"
"161","sub-NDARINV2K16Y0LC","run-01"
"162","sub-NDARINV2K16Y0LC","run-03"
"163","sub-NDARINV2K16Y0LC","run-02"
"164","sub-NDARINV2LA00BUD","run-04"
"165","sub-NDARINV2LA00BUD","run-01"
"166","sub-NDARINV2LA00BUD","run-03"
"167","sub-NDARINV2LA00BUD","run-02"
"168","sub-NDARINV2NVAXBZL","run-06"
"169","sub-NDARINV2NVAXBZL","run-05"
"170","sub-NDARINV2NVAXBZL","run-03"
"171","sub-NDARINV2RD4CZ7T","run-05"
"172","sub-NDARINV2RD4CZ7T","run-03"
"173","sub-NDARINV2RD4CZ7T","run-02"
"174","sub-NDARINV2RD4CZ7T","run-01"
"175","sub-NDARINV2V1TRPDR","run-03"
"176","sub-NDARINV2V1TRPDR","run-02"
"177","sub-NDARINV2V1TRPDR","run-01"
"178","sub-NDARINV2WYPW02N","run-02"
"179","sub-NDARINV2WYPW02N","run-01"
"180","sub-NDARINV2XDH23JX","run-04"
"181","sub-NDARINV2XDH23JX","run-01"
"182","sub-NDARINV2XDH23JX","run-03"
"183","sub-NDARINV2XDH23JX","run-02"
"184","sub-NDARINV2ZAMNE5F","run-03"
"185","sub-NDARINV2ZAMNE5F","run-02"
"186","sub-NDARINV2ZAMNE5F","run-01"
"187","sub-NDARINV2ZG81XAB","run-04"
"188","sub-NDARINV2ZG81XAB","run-03"
"189","sub-NDARINV2ZG81XAB","run-02"
"190","sub-NDARINV2ZG81XAB","run-01"
"191","sub-NDARINV31RCR67U","run-04"
"192","sub-NDARINV31RCR67U","run-03"
"193","sub-NDARINV31RCR67U","run-02"
"194","sub-NDARINV31RCR67U","run-01"
"195","sub-NDARINV330E63GH","run-04"
"196","sub-NDARINV330E63GH","run-01"
"197","sub-NDARINV330E63GH","run-03"
"198","sub-NDARINV330E63GH","run-02"
"199","sub-NDARINV36ZD3NZC","run-04"
"200","sub-NDARINV36ZD3NZC","run-03"
"201","sub-NDARINV36ZD3NZC","run-02"
"202","sub-NDARINV38AVND76","run-03"
"203","sub-NDARINV38AVND76","run-02"
"204","sub-NDARINV38T88Z04","run-04"
"205","sub-NDARINV38T88Z04","run-01"
"206","sub-NDARINV38T88Z04","run-03"
"207","sub-NDARINV38T88Z04","run-02"
"208","sub-NDARINV39YDHFR8","run-04"
"209","sub-NDARINV39YDHFR8","run-01"
"210","sub-NDARINV39YDHFR8","run-03"
"211","sub-NDARINV39YDHFR8","run-02"
"212","sub-NDARINV3A7MX0D3","run-04"
"213","sub-NDARINV3A7MX0D3","run-01"
"214","sub-NDARINV3A7MX0D3","run-03"
"215","sub-NDARINV3A7MX0D3","run-02"
"216","sub-NDARINV3D7TEJUE","run-04"
"217","sub-NDARINV3D7TEJUE","run-01"
"218","sub-NDARINV3D7TEJUE","run-03"
"219","sub-NDARINV3D7TEJUE","run-02"
"220","sub-NDARINV3DAXLFDY","run-04"
"221","sub-NDARINV3DAXLFDY","run-01"
"222","sub-NDARINV3DAXLFDY","run-03"
"223","sub-NDARINV3DAXLFDY","run-02"
"224","sub-NDARINV3J93N0EH","run-04"
"225","sub-NDARINV3J93N0EH","run-01"
"226","sub-NDARINV3J93N0EH","run-03"
"227","sub-NDARINV3J93N0EH","run-02"
"228","sub-NDARINV3MDCH394","run-02"
"229","sub-NDARINV3MDCH394","run-01"
"230","sub-NDARINV3MJ73KP6","run-04"
"231","sub-NDARINV3MJ73KP6","run-01"
"232","sub-NDARINV3MJ73KP6","run-03"
"233","sub-NDARINV3MJ73KP6","run-02"
"234","sub-NDARINV3NBMWRE0","run-04"
"235","sub-NDARINV3NBMWRE0","run-03"
"236","sub-NDARINV3NBMWRE0","run-02"
"237","sub-NDARINV3NBMWRE0","run-01"
"238","sub-NDARINV3PZ5UBCM","run-04"
"239","sub-NDARINV3PZ5UBCM","run-01"
"240","sub-NDARINV3PZ5UBCM","run-03"
"241","sub-NDARINV3PZ5UBCM","run-02"
"242","sub-NDARINV3VU4N68P","run-04"
"243","sub-NDARINV3VU4N68P","run-01"
"244","sub-NDARINV3VU4N68P","run-03"
"245","sub-NDARINV3VU4N68P","run-02"
"246","sub-NDARINV3WMHUK7W","run-04"
"247","sub-NDARINV3WMHUK7W","run-03"
"248","sub-NDARINV3WMHUK7W","run-02"
"249","sub-NDARINV3WMHUK7W","run-01"
"250","sub-NDARINV3WT1TK9L","run-04"
"251","sub-NDARINV3WT1TK9L","run-03"
"252","sub-NDARINV3WT1TK9L","run-02"
"253","sub-NDARINV3WT1TK9L","run-01"
"254","sub-NDARINV3WXXPJKW","run-04"
"255","sub-NDARINV3WXXPJKW","run-01"
"256","sub-NDARINV3WXXPJKW","run-03"
"257","sub-NDARINV3WXXPJKW","run-02"
"258","sub-NDARINV3X41ZHVL","run-04"
"259","sub-NDARINV3X41ZHVL","run-01"
"260","sub-NDARINV3X41ZHVL","run-03"
"261","sub-NDARINV3X41ZHVL","run-02"
"262","sub-NDARINV3XKBVA63","run-03"
"263","sub-NDARINV3XKBVA63","run-02"
"264","sub-NDARINV3XZKYEVA","run-04"
"265","sub-NDARINV3XZKYEVA","run-01"
"266","sub-NDARINV3XZKYEVA","run-03"
"267","sub-NDARINV3XZKYEVA","run-02"
"268","sub-NDARINV3Z6H844T","run-04"
"269","sub-NDARINV3Z6H844T","run-03"
"270","sub-NDARINV3Z6H844T","run-02"
"271","sub-NDARINV3Z6H844T","run-01"
"272","sub-NDARINV3ZC3XKET","run-04"
"273","sub-NDARINV3ZC3XKET","run-03"
"274","sub-NDARINV3ZC3XKET","run-02"
"275","sub-NDARINV3ZC3XKET","run-01"
"276","sub-NDARINV3ZHEYRWE","run-04"
"277","sub-NDARINV3ZHEYRWE","run-01"
"278","sub-NDARINV3ZHEYRWE","run-03"
"279","sub-NDARINV3ZHEYRWE","run-02"
"280","sub-NDARINV44K29WLN","run-04"
"281","sub-NDARINV44K29WLN","run-01"
"282","sub-NDARINV44K29WLN","run-03"
"283","sub-NDARINV44K29WLN","run-02"
"284","sub-NDARINV44YMAA5N","run-04"
"285","sub-NDARINV44YMAA5N","run-01"
"286","sub-NDARINV44YMAA5N","run-03"
"287","sub-NDARINV44YMAA5N","run-02"
"288","sub-NDARINV46X37HLX","run-01"
"289","sub-NDARINV46X37HLX","run-03"
"290","sub-NDARINV46X37HLX","run-02"
"291","sub-NDARINV47RJB7Z0","run-04"
"292","sub-NDARINV47RJB7Z0","run-03"
"293","sub-NDARINV47RJB7Z0","run-02"
"294","sub-NDARINV47RJB7Z0","run-01"
"295","sub-NDARINV4A443KDZ","run-04"
"296","sub-NDARINV4A443KDZ","run-01"
"297","sub-NDARINV4A443KDZ","run-03"
"298","sub-NDARINV4A443KDZ","run-02"
"299","sub-NDARINV4BB6Z0VU","run-04"
"300","sub-NDARINV4BB6Z0VU","run-01"
"301","sub-NDARINV4BB6Z0VU","run-03"
"302","sub-NDARINV4BB6Z0VU","run-02"
"303","sub-NDARINV4BH3W9Z3","run-03"
"304","sub-NDARINV4BH3W9Z3","run-02"
"305","sub-NDARINV4BH3W9Z3","run-01"
"306","sub-NDARINV4D917H14","run-04"
"307","sub-NDARINV4D917H14","run-01"
"308","sub-NDARINV4D917H14","run-03"
"309","sub-NDARINV4D917H14","run-02"
"310","sub-NDARINV4G80N2WG","run-03"
"311","sub-NDARINV4G80N2WG","run-02"
"312","sub-NDARINV4G80N2WG","run-01"
"313","sub-NDARINV4H6UC2YG","run-04"
"314","sub-NDARINV4H6UC2YG","run-01"
"315","sub-NDARINV4H6UC2YG","run-02"
"316","sub-NDARINV4MK3V5ZU","run-04"
"317","sub-NDARINV4MK3V5ZU","run-01"
"318","sub-NDARINV4MK3V5ZU","run-03"
"319","sub-NDARINV4MK3V5ZU","run-02"
"320","sub-NDARINV4WU2W91W","run-04"
"321","sub-NDARINV4WU2W91W","run-01"
"322","sub-NDARINV4WU2W91W","run-03"
"323","sub-NDARINV4WU2W91W","run-02"
"324","sub-NDARINV4Z96NDW1","run-04"
"325","sub-NDARINV4Z96NDW1","run-01"
"326","sub-NDARINV4Z96NDW1","run-02"
"327","sub-NDARINV4Z96NDW1","run-03"
"328","sub-NDARINV50VKA9BE","run-01"
"329","sub-NDARINV50VKA9BE","run-02"
"330","sub-NDARINV512RTCH1","run-04"
"331","sub-NDARINV512RTCH1","run-01"
"332","sub-NDARINV512RTCH1","run-03"
"333","sub-NDARINV512RTCH1","run-02"
"334","sub-NDARINV515PBC21","run-01"
"335","sub-NDARINV515PBC21","run-03"
"336","sub-NDARINV515PBC21","run-02"
"337","sub-NDARINV54YW796D","run-04"
"338","sub-NDARINV54YW796D","run-01"
"339","sub-NDARINV54YW796D","run-03"
"340","sub-NDARINV54YW796D","run-02"
"341","sub-NDARINV55D9M6F9","run-04"
"342","sub-NDARINV55D9M6F9","run-01"
"343","sub-NDARINV55D9M6F9","run-03"
"344","sub-NDARINV55D9M6F9","run-02"
"345","sub-NDARINV55K37VGA","run-04"
"346","sub-NDARINV55K37VGA","run-03"
"347","sub-NDARINV55K37VGA","run-02"
"348","sub-NDARINV55K37VGA","run-01"
"349","sub-NDARINV57R7NE0T","run-05"
"350","sub-NDARINV57R7NE0T","run-03"
"351","sub-NDARINV57R7NE0T","run-04"
"352","sub-NDARINV57R7NE0T","run-02"
"353","sub-NDARINV581KGKG6","run-06"
"354","sub-NDARINV581KGKG6","run-05"
"355","sub-NDARINV581KGKG6","run-03"
"356","sub-NDARINV581KGKG6","run-02"
"357","sub-NDARINV5B32UHDY","run-01"
"358","sub-NDARINV5B32UHDY","run-03"
"359","sub-NDARINV5B32UHDY","run-02"
"360","sub-NDARINV5BT1KR96","run-04"
"361","sub-NDARINV5BT1KR96","run-01"
"362","sub-NDARINV5BT1KR96","run-03"
"363","sub-NDARINV5BT1KR96","run-02"
"364","sub-NDARINV5CHM4BJG","run-04"
"365","sub-NDARINV5CHM4BJG","run-03"
"366","sub-NDARINV5CHM4BJG","run-02"
"367","sub-NDARINV5CHM4BJG","run-01"
"368","sub-NDARINV5D5DENCM","run-03"
"369","sub-NDARINV5D5DENCM","run-02"
"370","sub-NDARINV5D5DENCM","run-01"
"371","sub-NDARINV5DCHFU4W","run-04"
"372","sub-NDARINV5DCHFU4W","run-01"
"373","sub-NDARINV5DCHFU4W","run-03"
"374","sub-NDARINV5DCHFU4W","run-02"
"375","sub-NDARINV5NZW4ZBJ","run-04"
"376","sub-NDARINV5NZW4ZBJ","run-01"
"377","sub-NDARINV5NZW4ZBJ","run-03"
"378","sub-NDARINV5NZW4ZBJ","run-02"
"379","sub-NDARINV5R386XD4","run-04"
"380","sub-NDARINV5R386XD4","run-01"
"381","sub-NDARINV5R386XD4","run-03"
"382","sub-NDARINV5R386XD4","run-02"
"383","sub-NDARINV5V6LPP6X","run-04"
"384","sub-NDARINV5V6LPP6X","run-03"
"385","sub-NDARINV5V6LPP6X","run-01"
"386","sub-NDARINV5V6LPP6X","run-02"
"387","sub-NDARINV5VAD4B1H","run-04"
"388","sub-NDARINV5VAD4B1H","run-01"
"389","sub-NDARINV5VAD4B1H","run-03"
"390","sub-NDARINV5VAD4B1H","run-02"
"391","sub-NDARINV5VWTWJ9Y","run-04"
"392","sub-NDARINV5VWTWJ9Y","run-01"
"393","sub-NDARINV5VWTWJ9Y","run-03"
"394","sub-NDARINV5VWTWJ9Y","run-02"
"395","sub-NDARINV5YKVY4EN","run-04"
"396","sub-NDARINV5YKVY4EN","run-03"
"397","sub-NDARINV5YKVY4EN","run-02"
"398","sub-NDARINV5YKVY4EN","run-01"
"399","sub-NDARINV5YM7M2ME","run-04"
"400","sub-NDARINV5YM7M2ME","run-03"
"401","sub-NDARINV5YM7M2ME","run-02"
"402","sub-NDARINV5YM7M2ME","run-01"
"403","sub-NDARINV5ZLLK0YM","run-04"
"404","sub-NDARINV5ZLLK0YM","run-01"
"405","sub-NDARINV5ZLLK0YM","run-03"
"406","sub-NDARINV5ZLLK0YM","run-02"
"407","sub-NDARINV60WMW4VN","run-04"
"408","sub-NDARINV60WMW4VN","run-01"
"409","sub-NDARINV60WMW4VN","run-02"
"410","sub-NDARINV60WMW4VN","run-03"
"411","sub-NDARINV6BE95J7K","run-04"
"412","sub-NDARINV6BE95J7K","run-01"
"413","sub-NDARINV6BE95J7K","run-03"
"414","sub-NDARINV6BE95J7K","run-02"
"415","sub-NDARINV6C8NRRP1","run-01"
"416","sub-NDARINV6C8NRRP1","run-04"
"417","sub-NDARINV6C8NRRP1","run-03"
"418","sub-NDARINV6C8NRRP1","run-02"
"419","sub-NDARINV6E8NELFC","run-03"
"420","sub-NDARINV6E8NELFC","run-02"
"421","sub-NDARINV6E8NELFC","run-01"
"422","sub-NDARINV6KEGPJ6J","run-04"
"423","sub-NDARINV6KEGPJ6J","run-03"
"424","sub-NDARINV6KEGPJ6J","run-02"
"425","sub-NDARINV6KEGPJ6J","run-01"
"426","sub-NDARINV6L03215H","run-01"
"427","sub-NDARINV6L03215H","run-03"
"428","sub-NDARINV6L03215H","run-02"
"429","sub-NDARINV6MDZCZBV","run-03"
"430","sub-NDARINV6MDZCZBV","run-02"
"431","sub-NDARINV6MDZCZBV","run-01"
"432","sub-NDARINV6PX8VT24","run-04"
"433","sub-NDARINV6PX8VT24","run-01"
"434","sub-NDARINV6PX8VT24","run-03"
"435","sub-NDARINV6PX8VT24","run-02"
"436","sub-NDARINV6THWFPJL","run-01"
"437","sub-NDARINV6THWFPJL","run-02"
"438","sub-NDARINV6W2Z90PJ","run-04"
"439","sub-NDARINV6W2Z90PJ","run-01"
"440","sub-NDARINV6W2Z90PJ","run-03"
"441","sub-NDARINV6W2Z90PJ","run-02"
"442","sub-NDARINV6WH2N8P4","run-04"
"443","sub-NDARINV6WH2N8P4","run-03"
"444","sub-NDARINV6WH2N8P4","run-02"
"445","sub-NDARINV6WH2N8P4","run-01"
"446","sub-NDARINV6XTLR9MW","run-01"
"447","sub-NDARINV6XTLR9MW","run-02"
"448","sub-NDARINV6ZDALB3F","run-04"
"449","sub-NDARINV6ZDALB3F","run-02"
"450","sub-NDARINV6ZDALB3F","run-01"
"451","sub-NDARINV704AUHWH","run-04"
"452","sub-NDARINV704AUHWH","run-01"
"453","sub-NDARINV75E8B1DX","run-04"
"454","sub-NDARINV75E8B1DX","run-03"
"455","sub-NDARINV75E8B1DX","run-02"
"456","sub-NDARINV75E8B1DX","run-01"
"457","sub-NDARINV75ZYAV1X","run-03"
"458","sub-NDARINV75ZYAV1X","run-02"
"459","sub-NDARINV75ZYAV1X","run-01"
"460","sub-NDARINV77GU1E3W","run-01"
"461","sub-NDARINV77GU1E3W","run-03"
"462","sub-NDARINV77GU1E3W","run-02"
"463","sub-NDARINV7AW78FJX","run-03"
"464","sub-NDARINV7AW78FJX","run-02"
"465","sub-NDARINV7AW78FJX","run-01"
"466","sub-NDARINV7DU2R3J4","run-02"
"467","sub-NDARINV7DU2R3J4","run-01"
"468","sub-NDARINV7EUD7HVK","run-04"
"469","sub-NDARINV7EUD7HVK","run-01"
"470","sub-NDARINV7EUD7HVK","run-03"
"471","sub-NDARINV7EUD7HVK","run-02"
"472","sub-NDARINV7FG8NTPP","run-04"
"473","sub-NDARINV7FG8NTPP","run-03"
"474","sub-NDARINV7FG8NTPP","run-02"
"475","sub-NDARINV7FG8NTPP","run-01"
"476","sub-NDARINV7GMJLBGM","run-04"
"477","sub-NDARINV7GMJLBGM","run-01"
"478","sub-NDARINV7GMJLBGM","run-03"
"479","sub-NDARINV7GMJLBGM","run-02"
"480","sub-NDARINV7M5CVFA6","run-03"
"481","sub-NDARINV7M5CVFA6","run-02"
"482","sub-NDARINV7M5CVFA6","run-01"
"483","sub-NDARINV7VJRB88H","run-04"
"484","sub-NDARINV7VJRB88H","run-03"
"485","sub-NDARINV7VJRB88H","run-02"
"486","sub-NDARINV7VJRB88H","run-01"
"487","sub-NDARINV7W71JDAD","run-04"
"488","sub-NDARINV7W71JDAD","run-03"
"489","sub-NDARINV7W71JDAD","run-02"
"490","sub-NDARINV7W71JDAD","run-01"
"491","sub-NDARINV7YU2MX4Y","run-04"
"492","sub-NDARINV7YU2MX4Y","run-03"
"493","sub-NDARINV7YU2MX4Y","run-02"
"494","sub-NDARINV7YU2MX4Y","run-01"
"495","sub-NDARINV7Z1M7N95","run-02"
"496","sub-NDARINV7Z1M7N95","run-03"
"497","sub-NDARINV7Z1M7N95","run-01"
"498","sub-NDARINV80AW193U","run-04"
"499","sub-NDARINV80AW193U","run-03"
"500","sub-NDARINV80AW193U","run-02"
"501","sub-NDARINV80AW193U","run-01"
"502","sub-NDARINV851T3JYC","run-04"
"503","sub-NDARINV851T3JYC","run-01"
"504","sub-NDARINV851T3JYC","run-03"
"505","sub-NDARINV851T3JYC","run-02"
"506","sub-NDARINV85DA6M5G","run-03"
"507","sub-NDARINV85DA6M5G","run-02"
"508","sub-NDARINV85DA6M5G","run-01"
"509","sub-NDARINV870F1Z1N","run-04"
"510","sub-NDARINV870F1Z1N","run-01"
"511","sub-NDARINV870F1Z1N","run-03"
"512","sub-NDARINV870F1Z1N","run-02"
"513","sub-NDARINV898CW3V8","run-04"
"514","sub-NDARINV898CW3V8","run-03"
"515","sub-NDARINV898CW3V8","run-02"
"516","sub-NDARINV89B7M962","run-04"
"517","sub-NDARINV89B7M962","run-03"
"518","sub-NDARINV89B7M962","run-02"
"519","sub-NDARINV89B7M962","run-01"
"520","sub-NDARINV8BMGPD45","run-03"
"521","sub-NDARINV8BMGPD45","run-02"
"522","sub-NDARINV8BMGPD45","run-01"
"523","sub-NDARINV8HCCN8CF","run-01"
"524","sub-NDARINV8HCCN8CF","run-02"
"525","sub-NDARINV8KD4PFH7","run-04"
"526","sub-NDARINV8KD4PFH7","run-03"
"527","sub-NDARINV8KD4PFH7","run-02"
"528","sub-NDARINV8KD4PFH7","run-01"
"529","sub-NDARINV8TCYNPU3","run-04"
"530","sub-NDARINV8TCYNPU3","run-01"
"531","sub-NDARINV8TCYNPU3","run-03"
"532","sub-NDARINV8TCYNPU3","run-02"
"533","sub-NDARINV8UVMNBZL","run-04"
"534","sub-NDARINV8UVMNBZL","run-01"
"535","sub-NDARINV8UVMNBZL","run-03"
"536","sub-NDARINV8UVMNBZL","run-02"
"537","sub-NDARINV90T8PKLB","run-04"
"538","sub-NDARINV90T8PKLB","run-01"
"539","sub-NDARINV90T8PKLB","run-03"
"540","sub-NDARINV90T8PKLB","run-02"
"541","sub-NDARINV90VTTWND","run-04"
"542","sub-NDARINV90VTTWND","run-01"
"543","sub-NDARINV90VTTWND","run-03"
"544","sub-NDARINV90VTTWND","run-02"
"545","sub-NDARINV94N4B0N9","run-04"
"546","sub-NDARINV94N4B0N9","run-01"
"547","sub-NDARINV94N4B0N9","run-03"
"548","sub-NDARINV94N4B0N9","run-02"
"549","sub-NDARINV98LXLFTV","run-03"
"550","sub-NDARINV98LXLFTV","run-02"
"551","sub-NDARINV98LXLFTV","run-01"
"552","sub-NDARINV99NA21PA","run-02"
"553","sub-NDARINV99NA21PA","run-01"
"554","sub-NDARINV9CA16AC9","run-04"
"555","sub-NDARINV9CA16AC9","run-01"
"556","sub-NDARINV9CA16AC9","run-03"
"557","sub-NDARINV9CA16AC9","run-02"
"558","sub-NDARINV9F4G1M9E","run-01"
"559","sub-NDARINV9F4G1M9E","run-03"
"560","sub-NDARINV9F4G1M9E","run-02"
"561","sub-NDARINV9G3DJ8GF","run-04"
"562","sub-NDARINV9G3DJ8GF","run-01"
"563","sub-NDARINV9G3DJ8GF","run-03"
"564","sub-NDARINV9G7FY3HX","run-04"
"565","sub-NDARINV9G7FY3HX","run-01"
"566","sub-NDARINV9G7FY3HX","run-03"
"567","sub-NDARINV9G7FY3HX","run-02"
"568","sub-NDARINV9J9ECJ8U","run-04"
"569","sub-NDARINV9J9ECJ8U","run-01"
"570","sub-NDARINV9J9ECJ8U","run-03"
"571","sub-NDARINV9J9ECJ8U","run-02"
"572","sub-NDARINV9K7D4LHD","run-03"
"573","sub-NDARINV9K7D4LHD","run-02"
"574","sub-NDARINV9K7D4LHD","run-01"
"575","sub-NDARINV9KT9V114","run-04"
"576","sub-NDARINV9KT9V114","run-01"
"577","sub-NDARINV9KT9V114","run-03"
"578","sub-NDARINV9KT9V114","run-02"
"579","sub-NDARINV9KTD8UK1","run-06"
"580","sub-NDARINV9KTD8UK1","run-05"
"581","sub-NDARINV9KTD8UK1","run-04"
"582","sub-NDARINV9KTD8UK1","run-03"
"583","sub-NDARINV9LRE3A49","run-04"
"584","sub-NDARINV9LRE3A49","run-03"
"585","sub-NDARINV9LRE3A49","run-02"
"586","sub-NDARINV9LRE3A49","run-01"
"587","sub-NDARINV9LU6R773","run-03"
"588","sub-NDARINV9LU6R773","run-02"
"589","sub-NDARINV9LU6R773","run-01"
"590","sub-NDARINV9LZU5PJD","run-04"
"591","sub-NDARINV9LZU5PJD","run-01"
"592","sub-NDARINV9LZU5PJD","run-03"
"593","sub-NDARINV9LZU5PJD","run-02"
"594","sub-NDARINV9V9MLV7N","run-04"
"595","sub-NDARINV9V9MLV7N","run-01"
"596","sub-NDARINV9V9MLV7N","run-03"
"597","sub-NDARINV9V9MLV7N","run-02"
"598","sub-NDARINVA1L9YHKZ","run-04"
"599","sub-NDARINVA1L9YHKZ","run-01"
"600","sub-NDARINVA1L9YHKZ","run-03"
"601","sub-NDARINVA1L9YHKZ","run-02"
"602","sub-NDARINVA4EVCYRA","run-04"
"603","sub-NDARINVA4EVCYRA","run-01"
"604","sub-NDARINVA4EVCYRA","run-03"
"605","sub-NDARINVA6WTAHL0","run-01"
"606","sub-NDARINVA6WTAHL0","run-03"
"607","sub-NDARINVA6WTAHL0","run-02"
"608","sub-NDARINVA9ZW33TZ","run-04"
"609","sub-NDARINVA9ZW33TZ","run-03"
"610","sub-NDARINVA9ZW33TZ","run-02"
"611","sub-NDARINVA9ZW33TZ","run-01"
"612","sub-NDARINVAAR0XGYL","run-04"
"613","sub-NDARINVAAR0XGYL","run-02"
"614","sub-NDARINVAAR0XGYL","run-01"
"615","sub-NDARINVADX6U66L","run-05"
"616","sub-NDARINVADX6U66L","run-03"
"617","sub-NDARINVADX6U66L","run-02"
"618","sub-NDARINVADX6U66L","run-01"
"619","sub-NDARINVADXVJDCJ","run-04"
"620","sub-NDARINVADXVJDCJ","run-03"
"621","sub-NDARINVADXVJDCJ","run-02"
"622","sub-NDARINVADXVJDCJ","run-01"
"623","sub-NDARINVAED2T8J0","run-04"
"624","sub-NDARINVAED2T8J0","run-01"
"625","sub-NDARINVAED2T8J0","run-03"
"626","sub-NDARINVAED2T8J0","run-02"
"627","sub-NDARINVAFGG3213","run-05"
"628","sub-NDARINVAFGG3213","run-02"
"629","sub-NDARINVAFGG3213","run-01"
"630","sub-NDARINVAGR3FFR1","run-04"
"631","sub-NDARINVAGR3FFR1","run-03"
"632","sub-NDARINVAGR3FFR1","run-02"
"633","sub-NDARINVAGR3FFR1","run-01"
"634","sub-NDARINVALEZFEEH","run-04"
"635","sub-NDARINVALEZFEEH","run-01"
"636","sub-NDARINVALEZFEEH","run-03"
"637","sub-NDARINVALEZFEEH","run-02"
"638","sub-NDARINVAMY9H571","run-04"
"639","sub-NDARINVAMY9H571","run-01"
"640","sub-NDARINVAMY9H571","run-03"
"641","sub-NDARINVAMY9H571","run-02"
"642","sub-NDARINVANEX1Y2H","run-04"
"643","sub-NDARINVANEX1Y2H","run-01"
"644","sub-NDARINVANEX1Y2H","run-03"
"645","sub-NDARINVANEX1Y2H","run-02"
"646","sub-NDARINVAZL0KJME","run-04"
"647","sub-NDARINVAZL0KJME","run-01"
"648","sub-NDARINVAZL0KJME","run-03"
"649","sub-NDARINVAZL0KJME","run-02"
"650","sub-NDARINVB349E4D3","run-04"
"651","sub-NDARINVB349E4D3","run-01"
"652","sub-NDARINVB349E4D3","run-03"
"653","sub-NDARINVB349E4D3","run-02"
"654","sub-NDARINVB5VK9XEN","run-05"
"655","sub-NDARINVB5VK9XEN","run-03"
"656","sub-NDARINVB5VK9XEN","run-01"
"657","sub-NDARINVB8WVUJ5G","run-04"
"658","sub-NDARINVB8WVUJ5G","run-03"
"659","sub-NDARINVB8WVUJ5G","run-02"
"660","sub-NDARINVB8WVUJ5G","run-01"
"661","sub-NDARINVBB64CLXY","run-04"
"662","sub-NDARINVBB64CLXY","run-01"
"663","sub-NDARINVBB64CLXY","run-03"
"664","sub-NDARINVBB64CLXY","run-02"
"665","sub-NDARINVBBE2GWRH","run-04"
"666","sub-NDARINVBBE2GWRH","run-01"
"667","sub-NDARINVBBE2GWRH","run-03"
"668","sub-NDARINVBBE2GWRH","run-02"
"669","sub-NDARINVBEZL3E23","run-04"
"670","sub-NDARINVBEZL3E23","run-01"
"671","sub-NDARINVBEZL3E23","run-03"
"672","sub-NDARINVBEZL3E23","run-02"
"673","sub-NDARINVBGYWYRGH","run-03"
"674","sub-NDARINVBGYWYRGH","run-02"
"675","sub-NDARINVBGYWYRGH","run-01"
"676","sub-NDARINVBK5APVLC","run-04"
"677","sub-NDARINVBK5APVLC","run-01"
"678","sub-NDARINVBK5APVLC","run-03"
"679","sub-NDARINVBK5APVLC","run-02"
"680","sub-NDARINVBKAL413B","run-04"
"681","sub-NDARINVBKAL413B","run-01"
"682","sub-NDARINVBKAL413B","run-03"
"683","sub-NDARINVBKAL413B","run-02"
"684","sub-NDARINVBMBVZTAG","run-04"
"685","sub-NDARINVBMBVZTAG","run-01"
"686","sub-NDARINVBMBVZTAG","run-03"
"687","sub-NDARINVBMBVZTAG","run-02"
"688","sub-NDARINVBP6UMBG8","run-04"
"689","sub-NDARINVBP6UMBG8","run-01"
"690","sub-NDARINVBP6UMBG8","run-03"
"691","sub-NDARINVBP6UMBG8","run-02"
"692","sub-NDARINVBR1YZPV4","run-04"
"693","sub-NDARINVBR1YZPV4","run-03"
"694","sub-NDARINVBR1YZPV4","run-02"
"695","sub-NDARINVBR1YZPV4","run-01"
"696","sub-NDARINVBU9KJZX7","run-04"
"697","sub-NDARINVBU9KJZX7","run-03"
"698","sub-NDARINVBU9KJZX7","run-02"
"699","sub-NDARINVBU9KJZX7","run-01"
"700","sub-NDARINVBWR1WXUG","run-04"
"701","sub-NDARINVBWR1WXUG","run-01"
"702","sub-NDARINVBWR1WXUG","run-03"
"703","sub-NDARINVBWR1WXUG","run-02"
"704","sub-NDARINVBWTD7W8G","run-04"
"705","sub-NDARINVBWTD7W8G","run-03"
"706","sub-NDARINVBWTD7W8G","run-02"
"707","sub-NDARINVBWTD7W8G","run-01"
"708","sub-NDARINVBXR1L7N8","run-04"
"709","sub-NDARINVBXR1L7N8","run-01"
"710","sub-NDARINVBXR1L7N8","run-03"
"711","sub-NDARINVBXR1L7N8","run-02"
"712","sub-NDARINVBYARCL2L","run-04"
"713","sub-NDARINVBYARCL2L","run-01"
"714","sub-NDARINVBYARCL2L","run-03"
"715","sub-NDARINVBYARCL2L","run-02"
"716","sub-NDARINVC0W9C4R6","run-04"
"717","sub-NDARINVC0W9C4R6","run-01"
"718","sub-NDARINVC0W9C4R6","run-03"
"719","sub-NDARINVC0W9C4R6","run-02"
"720","sub-NDARINVC1T4T2DC","run-04"
"721","sub-NDARINVC1T4T2DC","run-03"
"722","sub-NDARINVC1T4T2DC","run-02"
"723","sub-NDARINVC1T4T2DC","run-01"
"724","sub-NDARINVC1VM5JUL","run-04"
"725","sub-NDARINVC1VM5JUL","run-01"
"726","sub-NDARINVC1VM5JUL","run-03"
"727","sub-NDARINVC1VM5JUL","run-02"
"728","sub-NDARINVC27Z02JK","run-04"
"729","sub-NDARINVC27Z02JK","run-02"
"730","sub-NDARINVC27Z02JK","run-03"
"731","sub-NDARINVC27Z02JK","run-01"
"732","sub-NDARINVC58P3WTG","run-04"
"733","sub-NDARINVC58P3WTG","run-01"
"734","sub-NDARINVC58P3WTG","run-03"
"735","sub-NDARINVC58P3WTG","run-02"
"736","sub-NDARINVC9HVT0XG","run-03"
"737","sub-NDARINVC9HVT0XG","run-02"
"738","sub-NDARINVC9HVT0XG","run-01"
"739","sub-NDARINVCC7178BU","run-05"
"740","sub-NDARINVCC7178BU","run-03"
"741","sub-NDARINVCC7178BU","run-02"
"742","sub-NDARINVCDP4CRFV","run-04"
"743","sub-NDARINVCDP4CRFV","run-01"
"744","sub-NDARINVCDP4CRFV","run-03"
"745","sub-NDARINVCDP4CRFV","run-02"
"746","sub-NDARINVCEJHKU6W","run-04"
"747","sub-NDARINVCEJHKU6W","run-01"
"748","sub-NDARINVCEJHKU6W","run-03"
"749","sub-NDARINVCEJHKU6W","run-02"
"750","sub-NDARINVCF2VRU9R","run-04"
"751","sub-NDARINVCF2VRU9R","run-01"
"752","sub-NDARINVCF2VRU9R","run-03"
"753","sub-NDARINVCF2VRU9R","run-02"
"754","sub-NDARINVCFT8L45Y","run-04"
"755","sub-NDARINVCFT8L45Y","run-01"
"756","sub-NDARINVCFT8L45Y","run-03"
"757","sub-NDARINVCFT8L45Y","run-02"
"758","sub-NDARINVCJHJMM1A","run-02"
"759","sub-NDARINVCJHJMM1A","run-03"
"760","sub-NDARINVCJHJMM1A","run-01"
"761","sub-NDARINVCMZW3E54","run-04"
"762","sub-NDARINVCMZW3E54","run-01"
"763","sub-NDARINVCMZW3E54","run-03"
"764","sub-NDARINVCMZW3E54","run-02"
"765","sub-NDARINVCNEJ2G76","run-03"
"766","sub-NDARINVCNEJ2G76","run-02"
"767","sub-NDARINVCNEJ2G76","run-01"
"768","sub-NDARINVCRM6V6NX","run-04"
"769","sub-NDARINVCRM6V6NX","run-01"
"770","sub-NDARINVCRM6V6NX","run-03"
"771","sub-NDARINVCRM6V6NX","run-02"
"772","sub-NDARINVCUDZ40WZ","run-04"
"773","sub-NDARINVCUDZ40WZ","run-01"
"774","sub-NDARINVCUDZ40WZ","run-03"
"775","sub-NDARINVCUDZ40WZ","run-02"
"776","sub-NDARINVCV0BAW89","run-04"
"777","sub-NDARINVCV0BAW89","run-01"
"778","sub-NDARINVCV0BAW89","run-03"
"779","sub-NDARINVCV0BAW89","run-02"
"780","sub-NDARINVCYE071L0","run-04"
"781","sub-NDARINVCYE071L0","run-01"
"782","sub-NDARINVCYE071L0","run-03"
"783","sub-NDARINVCYE071L0","run-02"
"784","sub-NDARINVCZKCFP32","run-04"
"785","sub-NDARINVCZKCFP32","run-01"
"786","sub-NDARINVCZKCFP32","run-03"
"787","sub-NDARINVCZKCFP32","run-02"
"788","sub-NDARINVD0ETUKJA","run-04"
"789","sub-NDARINVD0ETUKJA","run-03"
"790","sub-NDARINVD0ETUKJA","run-02"
"791","sub-NDARINVD0ETUKJA","run-01"
"792","sub-NDARINVD1PRDRJG","run-04"
"793","sub-NDARINVD1PRDRJG","run-01"
"794","sub-NDARINVD1PRDRJG","run-03"
"795","sub-NDARINVD1PRDRJG","run-02"
"796","sub-NDARINVD4LYED11","run-04"
"797","sub-NDARINVD4LYED11","run-01"
"798","sub-NDARINVD4LYED11","run-03"
"799","sub-NDARINVD4LYED11","run-02"
"800","sub-NDARINVD59G5M7D","run-04"
"801","sub-NDARINVD59G5M7D","run-01"
"802","sub-NDARINVD59G5M7D","run-03"
"803","sub-NDARINVD59G5M7D","run-02"
"804","sub-NDARINVD6F6W39J","run-05"
"805","sub-NDARINVD6F6W39J","run-03"
"806","sub-NDARINVD6F6W39J","run-04"
"807","sub-NDARINVD6F6W39J","run-02"
"808","sub-NDARINVD91UPVA1","run-01"
"809","sub-NDARINVD91UPVA1","run-03"
"810","sub-NDARINVD91UPVA1","run-02"
"811","sub-NDARINVD9LT4A11","run-04"
"812","sub-NDARINVD9LT4A11","run-01"
"813","sub-NDARINVD9LT4A11","run-03"
"814","sub-NDARINVD9LT4A11","run-02"
"815","sub-NDARINVDAJ4P19P","run-04"
"816","sub-NDARINVDAJ4P19P","run-01"
"817","sub-NDARINVDAJ4P19P","run-02"
"818","sub-NDARINVDD40AJMW","run-04"
"819","sub-NDARINVDD40AJMW","run-02"
"820","sub-NDARINVDDWUHYTJ","run-04"
"821","sub-NDARINVDDWUHYTJ","run-01"
"822","sub-NDARINVDDWUHYTJ","run-03"
"823","sub-NDARINVDDWUHYTJ","run-02"
"824","sub-NDARINVDE3J6HBM","run-04"
"825","sub-NDARINVDE3J6HBM","run-01"
"826","sub-NDARINVDE3J6HBM","run-03"
"827","sub-NDARINVDE3J6HBM","run-02"
"828","sub-NDARINVDGW9RHNK","run-01"
"829","sub-NDARINVDGW9RHNK","run-02"
"830","sub-NDARINVDHVY95MH","run-04"
"831","sub-NDARINVDHVY95MH","run-03"
"832","sub-NDARINVDHVY95MH","run-02"
"833","sub-NDARINVDHVY95MH","run-01"
"834","sub-NDARINVDN453NWJ","run-04"
"835","sub-NDARINVDN453NWJ","run-03"
"836","sub-NDARINVDN453NWJ","run-02"
"837","sub-NDARINVDN453NWJ","run-01"
"838","sub-NDARINVDNLMD7DZ","run-03"
"839","sub-NDARINVDNLMD7DZ","run-02"
"840","sub-NDARINVDNLMD7DZ","run-01"
"841","sub-NDARINVDNNCWZP6","run-04"
"842","sub-NDARINVDNNCWZP6","run-01"
"843","sub-NDARINVDNNCWZP6","run-03"
"844","sub-NDARINVDNNCWZP6","run-02"
"845","sub-NDARINVDP5670V4","run-04"
"846","sub-NDARINVDP5670V4","run-03"
"847","sub-NDARINVDP5670V4","run-02"
"848","sub-NDARINVDP5670V4","run-01"
"849","sub-NDARINVDREL4LBY","run-04"
"850","sub-NDARINVDREL4LBY","run-01"
"851","sub-NDARINVDREL4LBY","run-03"
"852","sub-NDARINVDREL4LBY","run-02"
"853","sub-NDARINVDT71ACZT","run-04"
"854","sub-NDARINVDT71ACZT","run-03"
"855","sub-NDARINVDT71ACZT","run-02"
"856","sub-NDARINVDT71ACZT","run-01"
"857","sub-NDARINVDTHJM3Y9","run-04"
"858","sub-NDARINVDTHJM3Y9","run-01"
"859","sub-NDARINVDTHJM3Y9","run-03"
"860","sub-NDARINVDTHJM3Y9","run-02"
"861","sub-NDARINVDU5LPVRJ","run-04"
"862","sub-NDARINVDU5LPVRJ","run-01"
"863","sub-NDARINVDU5LPVRJ","run-03"
"864","sub-NDARINVDU5LPVRJ","run-02"
"865","sub-NDARINVDWKHJ8MG","run-04"
"866","sub-NDARINVDWKHJ8MG","run-03"
"867","sub-NDARINVDWKHJ8MG","run-02"
"868","sub-NDARINVDWKHJ8MG","run-01"
"869","sub-NDARINVDYP4KLFJ","run-04"
"870","sub-NDARINVDYP4KLFJ","run-03"
"871","sub-NDARINVDYP4KLFJ","run-02"
"872","sub-NDARINVDYP4KLFJ","run-01"
"873","sub-NDARINVE073JNG1","run-04"
"874","sub-NDARINVE073JNG1","run-01"
"875","sub-NDARINVE073JNG1","run-03"
"876","sub-NDARINVE073JNG1","run-02"
"877","sub-NDARINVE0CL572F","run-04"
"878","sub-NDARINVE0CL572F","run-01"
"879","sub-NDARINVE0CL572F","run-03"
"880","sub-NDARINVE0CL572F","run-02"
"881","sub-NDARINVE0MBDEG1","run-04"
"882","sub-NDARINVE0MBDEG1","run-03"
"883","sub-NDARINVE0MBDEG1","run-02"
"884","sub-NDARINVE0MBDEG1","run-01"
"885","sub-NDARINVE3V8C4N5","run-05"
"886","sub-NDARINVE3V8C4N5","run-03"
"887","sub-NDARINVE3V8C4N5","run-04"
"888","sub-NDARINVE3V8C4N5","run-01"
"889","sub-NDARINVE4KDYWD0","run-04"
"890","sub-NDARINVE4KDYWD0","run-01"
"891","sub-NDARINVE4KDYWD0","run-03"
"892","sub-NDARINVE4KDYWD0","run-02"
"893","sub-NDARINVE5K3E4XA","run-04"
"894","sub-NDARINVE5K3E4XA","run-01"
"895","sub-NDARINVE5K3E4XA","run-02"
"896","sub-NDARINVE5Y0P1DR","run-04"
"897","sub-NDARINVE5Y0P1DR","run-01"
"898","sub-NDARINVE5Y0P1DR","run-02"
"899","sub-NDARINVE63ZENV2","run-02"
"900","sub-NDARINVE63ZENV2","run-01"
"901","sub-NDARINVE684BBWE","run-04"
"902","sub-NDARINVE684BBWE","run-01"
"903","sub-NDARINVE684BBWE","run-03"
"904","sub-NDARINVE684BBWE","run-02"
"905","sub-NDARINVE75NTPTJ","run-04"
"906","sub-NDARINVE75NTPTJ","run-01"
"907","sub-NDARINVE75NTPTJ","run-03"
"908","sub-NDARINVE75NTPTJ","run-02"
"909","sub-NDARINVE82EGZJB","run-04"
"910","sub-NDARINVE82EGZJB","run-01"
"911","sub-NDARINVE82EGZJB","run-03"
"912","sub-NDARINVE82EGZJB","run-02"
"913","sub-NDARINVE92HH5DM","run-04"
"914","sub-NDARINVE92HH5DM","run-01"
"915","sub-NDARINVE92HH5DM","run-03"
"916","sub-NDARINVE92HH5DM","run-02"
"917","sub-NDARINVEA2VND20","run-04"
"918","sub-NDARINVEA2VND20","run-01"
"919","sub-NDARINVEA2VND20","run-03"
"920","sub-NDARINVEA2VND20","run-02"
"921","sub-NDARINVEANH4HXE","run-04"
"922","sub-NDARINVEANH4HXE","run-01"
"923","sub-NDARINVEANH4HXE","run-03"
"924","sub-NDARINVEANH4HXE","run-02"
"925","sub-NDARINVEFV8GUKC","run-04"
"926","sub-NDARINVEFV8GUKC","run-01"
"927","sub-NDARINVEFV8GUKC","run-03"
"928","sub-NDARINVEFV8GUKC","run-02"
"929","sub-NDARINVELK0KFTA","run-01"
"930","sub-NDARINVELK0KFTA","run-03"
"931","sub-NDARINVELK0KFTA","run-02"
"932","sub-NDARINVEM76GN60","run-04"
"933","sub-NDARINVEM76GN60","run-01"
"934","sub-NDARINVEM76GN60","run-03"
"935","sub-NDARINVEM76GN60","run-02"
"936","sub-NDARINVEP0DL4X4","run-04"
"937","sub-NDARINVEP0DL4X4","run-01"
"938","sub-NDARINVEP0DL4X4","run-03"
"939","sub-NDARINVEP0DL4X4","run-02"
"940","sub-NDARINVER3Y13P5","run-04"
"941","sub-NDARINVER3Y13P5","run-01"
"942","sub-NDARINVER3Y13P5","run-03"
"943","sub-NDARINVER3Y13P5","run-02"
"944","sub-NDARINVERU8ZJKV","run-03"
"945","sub-NDARINVERU8ZJKV","run-02"
"946","sub-NDARINVERU8ZJKV","run-01"
"947","sub-NDARINVEXB1B45G","run-03"
"948","sub-NDARINVEXB1B45G","run-02"
"949","sub-NDARINVEXB1B45G","run-01"
"950","sub-NDARINVEZ9M70BX","run-01"
"951","sub-NDARINVEZ9M70BX","run-03"
"952","sub-NDARINVEZ9M70BX","run-02"
"953","sub-NDARINVF00P4A2L","run-01"
"954","sub-NDARINVF00P4A2L","run-02"
"955","sub-NDARINVF1HX2W45","run-04"
"956","sub-NDARINVF1HX2W45","run-03"
"957","sub-NDARINVF1HX2W45","run-02"
"958","sub-NDARINVF1HX2W45","run-01"
"959","sub-NDARINVF1JR8615","run-04"
"960","sub-NDARINVF1JR8615","run-03"
"961","sub-NDARINVF1JR8615","run-02"
"962","sub-NDARINVF1JR8615","run-01"
"963","sub-NDARINVF1L01D94","run-04"
"964","sub-NDARINVF1L01D94","run-01"
"965","sub-NDARINVF1L01D94","run-03"
"966","sub-NDARINVF1L01D94","run-02"
"967","sub-NDARINVF9V1PJH4","run-04"
"968","sub-NDARINVF9V1PJH4","run-03"
"969","sub-NDARINVF9V1PJH4","run-02"
"970","sub-NDARINVF9V1PJH4","run-01"
"971","sub-NDARINVFAM4RN2C","run-04"
"972","sub-NDARINVFAM4RN2C","run-01"
"973","sub-NDARINVFAM4RN2C","run-02"
"974","sub-NDARINVFB03XKRE","run-04"
"975","sub-NDARINVFB03XKRE","run-01"
"976","sub-NDARINVFB03XKRE","run-03"
"977","sub-NDARINVFB03XKRE","run-02"
"978","sub-NDARINVFF516WUR","run-04"
"979","sub-NDARINVFF516WUR","run-01"
"980","sub-NDARINVFF635G4N","run-03"
"981","sub-NDARINVFF635G4N","run-02"
"982","sub-NDARINVFF635G4N","run-01"
"983","sub-NDARINVFM6CBFTY","run-04"
"984","sub-NDARINVFM6CBFTY","run-01"
"985","sub-NDARINVFM6CBFTY","run-02"
"986","sub-NDARINVFMCMJ0X2","run-04"
"987","sub-NDARINVFMCMJ0X2","run-01"
"988","sub-NDARINVFMCMJ0X2","run-03"
"989","sub-NDARINVFMCMJ0X2","run-02"
"990","sub-NDARINVFNH524U3","run-04"
"991","sub-NDARINVFNH524U3","run-01"
"992","sub-NDARINVFNH524U3","run-03"
"993","sub-NDARINVFNH524U3","run-02"
"994","sub-NDARINVFR8HM2WT","run-04"
"995","sub-NDARINVFR8HM2WT","run-01"
"996","sub-NDARINVFR8HM2WT","run-03"
"997","sub-NDARINVFR8HM2WT","run-02"
"998","sub-NDARINVFT8XPNW8","run-04"
"999","sub-NDARINVFT8XPNW8","run-01"
"1000","sub-NDARINVFT8XPNW8","run-03"
"1001","sub-NDARINVFT8XPNW8","run-02"
"1002","sub-NDARINVFWLC8Z8K","run-04"
"1003","sub-NDARINVFWLC8Z8K","run-01"
"1004","sub-NDARINVFWLC8Z8K","run-03"
"1005","sub-NDARINVFWLC8Z8K","run-02"
"1006","sub-NDARINVFZ7AMNW3","run-04"
"1007","sub-NDARINVFZ7AMNW3","run-01"
"1008","sub-NDARINVFZ7AMNW3","run-03"
"1009","sub-NDARINVFZ7AMNW3","run-02"
"1010","sub-NDARINVG55HTLK3","run-04"
"1011","sub-NDARINVG55HTLK3","run-01"
"1012","sub-NDARINVG55HTLK3","run-03"
"1013","sub-NDARINVG55HTLK3","run-02"
"1014","sub-NDARINVG6L0N3UR","run-04"
"1015","sub-NDARINVG6L0N3UR","run-03"
"1016","sub-NDARINVG6L0N3UR","run-02"
"1017","sub-NDARINVG6L0N3UR","run-01"
"1018","sub-NDARINVGB26JEH6","run-03"
"1019","sub-NDARINVGB26JEH6","run-01"
"1020","sub-NDARINVGH27THFL","run-04"
"1021","sub-NDARINVGH27THFL","run-02"
"1022","sub-NDARINVGH27THFL","run-01"
"1023","sub-NDARINVGLGJ3Y8X","run-04"
"1024","sub-NDARINVGLGJ3Y8X","run-01"
"1025","sub-NDARINVGLGJ3Y8X","run-03"
"1026","sub-NDARINVGLGJ3Y8X","run-02"
"1027","sub-NDARINVGLL8G9PW","run-04"
"1028","sub-NDARINVGLL8G9PW","run-03"
"1029","sub-NDARINVGLL8G9PW","run-02"
"1030","sub-NDARINVGLL8G9PW","run-01"
"1031","sub-NDARINVGLM2JGDD","run-03"
"1032","sub-NDARINVGLM2JGDD","run-02"
"1033","sub-NDARINVGLM2JGDD","run-01"
"1034","sub-NDARINVGM7YJH08","run-04"
"1035","sub-NDARINVGM7YJH08","run-03"
"1036","sub-NDARINVGM7YJH08","run-02"
"1037","sub-NDARINVGM7YJH08","run-01"
"1038","sub-NDARINVGMXJ0X9K","run-04"
"1039","sub-NDARINVGMXJ0X9K","run-01"
"1040","sub-NDARINVGMXJ0X9K","run-03"
"1041","sub-NDARINVGMXJ0X9K","run-02"
"1042","sub-NDARINVGNKUYWNE","run-04"
"1043","sub-NDARINVGNKUYWNE","run-03"
"1044","sub-NDARINVGNKUYWNE","run-01"
"1045","sub-NDARINVGTA6ENJ9","run-03"
"1046","sub-NDARINVGTA6ENJ9","run-02"
"1047","sub-NDARINVGTA6ENJ9","run-01"
"1048","sub-NDARINVGUAT6C5H","run-04"
"1049","sub-NDARINVGUAT6C5H","run-01"
"1050","sub-NDARINVGUAT6C5H","run-03"
"1051","sub-NDARINVGUAT6C5H","run-02"
"1052","sub-NDARINVGVPPRTDN","run-04"
"1053","sub-NDARINVGVPPRTDN","run-01"
"1054","sub-NDARINVGVPPRTDN","run-03"
"1055","sub-NDARINVGVPPRTDN","run-02"
"1056","sub-NDARINVGWGVANWJ","run-04"
"1057","sub-NDARINVGWGVANWJ","run-03"
"1058","sub-NDARINVGWGVANWJ","run-02"
"1059","sub-NDARINVGWGVANWJ","run-01"
"1060","sub-NDARINVH0DGUW54","run-04"
"1061","sub-NDARINVH0DGUW54","run-03"
"1062","sub-NDARINVH0DGUW54","run-01"
"1063","sub-NDARINVH1PY8XLG","run-04"
"1064","sub-NDARINVH1PY8XLG","run-01"
"1065","sub-NDARINVH1PY8XLG","run-03"
"1066","sub-NDARINVH1PY8XLG","run-02"
"1067","sub-NDARINVH4UTCCY9","run-01"
"1068","sub-NDARINVH4UTCCY9","run-03"
"1069","sub-NDARINVH4UTCCY9","run-02"
"1070","sub-NDARINVHC076FG3","run-03"
"1071","sub-NDARINVHC076FG3","run-02"
"1072","sub-NDARINVHC076FG3","run-01"
"1073","sub-NDARINVHD7WG7PA","run-01"
"1074","sub-NDARINVHD7WG7PA","run-03"
"1075","sub-NDARINVHD7WG7PA","run-02"
"1076","sub-NDARINVHF44URL8","run-04"
"1077","sub-NDARINVHF44URL8","run-01"
"1078","sub-NDARINVHF44URL8","run-03"
"1079","sub-NDARINVHF44URL8","run-02"
"1080","sub-NDARINVHFKBP9C2","run-03"
"1081","sub-NDARINVHFKBP9C2","run-02"
"1082","sub-NDARINVHFKBP9C2","run-01"
"1083","sub-NDARINVHHUZ3XLC","run-04"
"1084","sub-NDARINVHHUZ3XLC","run-01"
"1085","sub-NDARINVHHUZ3XLC","run-03"
"1086","sub-NDARINVHHUZ3XLC","run-02"
"1087","sub-NDARINVHNMKA712","run-04"
"1088","sub-NDARINVHNMKA712","run-01"
"1089","sub-NDARINVHNMKA712","run-03"
"1090","sub-NDARINVHNMKA712","run-02"
"1091","sub-NDARINVHRNYYZFN","run-04"
"1092","sub-NDARINVHRNYYZFN","run-02"
"1093","sub-NDARINVHRNYYZFN","run-01"
"1094","sub-NDARINVHT2VVF5A","run-04"
"1095","sub-NDARINVHT2VVF5A","run-01"
"1096","sub-NDARINVHT2VVF5A","run-03"
"1097","sub-NDARINVHT2VVF5A","run-02"
"1098","sub-NDARINVHUVWGGUZ","run-03"
"1099","sub-NDARINVHUVWGGUZ","run-02"
"1100","sub-NDARINVHUVWGGUZ","run-01"
"1101","sub-NDARINVHWX750UV","run-04"
"1102","sub-NDARINVHWX750UV","run-01"
"1103","sub-NDARINVHWX750UV","run-03"
"1104","sub-NDARINVHWX750UV","run-02"
"1105","sub-NDARINVHXH48HLR","run-04"
"1106","sub-NDARINVHXH48HLR","run-01"
"1107","sub-NDARINVHXH48HLR","run-03"
"1108","sub-NDARINVHXH48HLR","run-02"
"1109","sub-NDARINVHZR13VNX","run-04"
"1110","sub-NDARINVHZR13VNX","run-01"
"1111","sub-NDARINVHZR13VNX","run-03"
"1112","sub-NDARINVHZR13VNX","run-02"
"1113","sub-NDARINVJ19WCNEJ","run-04"
"1114","sub-NDARINVJ19WCNEJ","run-03"
"1115","sub-NDARINVJ19WCNEJ","run-02"
"1116","sub-NDARINVJ19WCNEJ","run-01"
"1117","sub-NDARINVJ3DJV7E6","run-02"
"1118","sub-NDARINVJ3DJV7E6","run-01"
"1119","sub-NDARINVJ64MJXHT","run-04"
"1120","sub-NDARINVJ64MJXHT","run-01"
"1121","sub-NDARINVJ64MJXHT","run-03"
"1122","sub-NDARINVJ64MJXHT","run-02"
"1123","sub-NDARINVJ6X3AHW8","run-04"
"1124","sub-NDARINVJ6X3AHW8","run-03"
"1125","sub-NDARINVJ6X3AHW8","run-02"
"1126","sub-NDARINVJ6X3AHW8","run-01"
"1127","sub-NDARINVJBH3AHLP","run-04"
"1128","sub-NDARINVJBH3AHLP","run-01"
"1129","sub-NDARINVJBH3AHLP","run-03"
"1130","sub-NDARINVJBH3AHLP","run-02"
"1131","sub-NDARINVJD8XXLGE","run-04"
"1132","sub-NDARINVJD8XXLGE","run-01"
"1133","sub-NDARINVJD8XXLGE","run-03"
"1134","sub-NDARINVJD8XXLGE","run-02"
"1135","sub-NDARINVJG2VGPZN","run-04"
"1136","sub-NDARINVJG2VGPZN","run-03"
"1137","sub-NDARINVJG2VGPZN","run-02"
"1138","sub-NDARINVJG2VGPZN","run-01"
"1139","sub-NDARINVJG3B0A5J","run-02"
"1140","sub-NDARINVJG3B0A5J","run-01"
"1141","sub-NDARINVJH7UFKKJ","run-04"
"1142","sub-NDARINVJH7UFKKJ","run-01"
"1143","sub-NDARINVJH7UFKKJ","run-03"
"1144","sub-NDARINVJH7UFKKJ","run-02"
"1145","sub-NDARINVJHX361ZP","run-04"
"1146","sub-NDARINVJHX361ZP","run-03"
"1147","sub-NDARINVJHX361ZP","run-02"
"1148","sub-NDARINVJHX361ZP","run-01"
"1149","sub-NDARINVJHYBD2XK","run-03"
"1150","sub-NDARINVJHYBD2XK","run-02"
"1151","sub-NDARINVJHYBD2XK","run-01"
"1152","sub-NDARINVJJ4VHAYP","run-06"
"1153","sub-NDARINVJJ4VHAYP","run-05"
"1154","sub-NDARINVJJ4VHAYP","run-03"
"1155","sub-NDARINVJJ4VHAYP","run-02"
"1156","sub-NDARINVJKFGJK2D","run-04"
"1157","sub-NDARINVJKFGJK2D","run-01"
"1158","sub-NDARINVJKFGJK2D","run-03"
"1159","sub-NDARINVJKFGJK2D","run-02"
"1160","sub-NDARINVJPH56X7G","run-04"
"1161","sub-NDARINVJPH56X7G","run-01"
"1162","sub-NDARINVJPH56X7G","run-03"
"1163","sub-NDARINVJPH56X7G","run-02"
"1164","sub-NDARINVJU8R73PG","run-04"
"1165","sub-NDARINVJU8R73PG","run-01"
"1166","sub-NDARINVJU8R73PG","run-03"
"1167","sub-NDARINVJU8R73PG","run-02"
"1168","sub-NDARINVJV77KDEJ","run-04"
"1169","sub-NDARINVJV77KDEJ","run-03"
"1170","sub-NDARINVJV77KDEJ","run-02"
"1171","sub-NDARINVJV77KDEJ","run-01"
"1172","sub-NDARINVJWKFKDJF","run-04"
"1173","sub-NDARINVJWKFKDJF","run-03"
"1174","sub-NDARINVJWKFKDJF","run-02"
"1175","sub-NDARINVJWKFKDJF","run-01"
"1176","sub-NDARINVJZP468AD","run-04"
"1177","sub-NDARINVJZP468AD","run-03"
"1178","sub-NDARINVJZP468AD","run-02"
"1179","sub-NDARINVJZP468AD","run-01"
"1180","sub-NDARINVK0RATU99","run-04"
"1181","sub-NDARINVK0RATU99","run-01"
"1182","sub-NDARINVK0RATU99","run-03"
"1183","sub-NDARINVK0RATU99","run-02"
"1184","sub-NDARINVK3X0XBJ9","run-02"
"1185","sub-NDARINVK3X0XBJ9","run-01"
"1186","sub-NDARINVK5P234R5","run-04"
"1187","sub-NDARINVK5P234R5","run-01"
"1188","sub-NDARINVK5P234R5","run-03"
"1189","sub-NDARINVK5P234R5","run-02"
"1190","sub-NDARINVK5WWNYVF","run-03"
"1191","sub-NDARINVK5WWNYVF","run-02"
"1192","sub-NDARINVK5WWNYVF","run-01"
"1193","sub-NDARINVK62C7NW4","run-04"
"1194","sub-NDARINVK62C7NW4","run-01"
"1195","sub-NDARINVK62C7NW4","run-02"
"1196","sub-NDARINVK62C7NW4","run-03"
"1197","sub-NDARINVKJ648G0R","run-03"
"1198","sub-NDARINVKJ648G0R","run-02"
"1199","sub-NDARINVKJ648G0R","run-01"
"1200","sub-NDARINVKJM8KNT3","run-01"
"1201","sub-NDARINVKJM8KNT3","run-03"
"1202","sub-NDARINVKJM8KNT3","run-02"
"1203","sub-NDARINVKKBJMBLJ","run-03"
"1204","sub-NDARINVKKBJMBLJ","run-02"
"1205","sub-NDARINVKKBJMBLJ","run-01"
"1206","sub-NDARINVKLE3R4XB","run-04"
"1207","sub-NDARINVKLE3R4XB","run-01"
"1208","sub-NDARINVKLE3R4XB","run-03"
"1209","sub-NDARINVKLE3R4XB","run-02"
"1210","sub-NDARINVKLGV3F8T","run-01"
"1211","sub-NDARINVKLGV3F8T","run-04"
"1212","sub-NDARINVKLGV3F8T","run-03"
"1213","sub-NDARINVKLGV3F8T","run-02"
"1214","sub-NDARINVKPG5MA5K","run-04"
"1215","sub-NDARINVKPG5MA5K","run-03"
"1216","sub-NDARINVKPG5MA5K","run-02"
"1217","sub-NDARINVKPG5MA5K","run-01"
"1218","sub-NDARINVKRN7CKJV","run-01"
"1219","sub-NDARINVKRN7CKJV","run-03"
"1220","sub-NDARINVKRN7CKJV","run-02"
"1221","sub-NDARINVKTJZFMAM","run-01"
"1222","sub-NDARINVKTJZFMAM","run-03"
"1223","sub-NDARINVKTJZFMAM","run-02"
"1224","sub-NDARINVKXJ9P10B","run-04"
"1225","sub-NDARINVKXJ9P10B","run-01"
"1226","sub-NDARINVKXJ9P10B","run-03"
"1227","sub-NDARINVKXJ9P10B","run-02"
"1228","sub-NDARINVKZX46H34","run-01"
"1229","sub-NDARINVKZX46H34","run-02"
"1230","sub-NDARINVL0VX74KC","run-04"
"1231","sub-NDARINVL0VX74KC","run-03"
"1232","sub-NDARINVL0VX74KC","run-02"
"1233","sub-NDARINVL0VX74KC","run-01"
"1234","sub-NDARINVL3UTWJGX","run-04"
"1235","sub-NDARINVL3UTWJGX","run-03"
"1236","sub-NDARINVL3UTWJGX","run-02"
"1237","sub-NDARINVL3UTWJGX","run-01"
"1238","sub-NDARINVLBWER7ME","run-04"
"1239","sub-NDARINVLBWER7ME","run-01"
"1240","sub-NDARINVLBWER7ME","run-03"
"1241","sub-NDARINVLBWER7ME","run-02"
"1242","sub-NDARINVLC6CLU57","run-05"
"1243","sub-NDARINVLC6CLU57","run-04"
"1244","sub-NDARINVLC6CLU57","run-01"
"1245","sub-NDARINVLC6CLU57","run-02"
"1246","sub-NDARINVLCYH9EDJ","run-04"
"1247","sub-NDARINVLCYH9EDJ","run-01"
"1248","sub-NDARINVLCYH9EDJ","run-03"
"1249","sub-NDARINVLCYH9EDJ","run-02"
"1250","sub-NDARINVLE343UAX","run-04"
"1251","sub-NDARINVLE343UAX","run-01"
"1252","sub-NDARINVLE343UAX","run-03"
"1253","sub-NDARINVLE343UAX","run-02"
"1254","sub-NDARINVLEF14KHY","run-04"
"1255","sub-NDARINVLEF14KHY","run-01"
"1256","sub-NDARINVLEF14KHY","run-03"
"1257","sub-NDARINVLEF14KHY","run-02"
"1258","sub-NDARINVLGJH5VV9","run-04"
"1259","sub-NDARINVLGJH5VV9","run-03"
"1260","sub-NDARINVLGJH5VV9","run-02"
"1261","sub-NDARINVLGJH5VV9","run-01"
"1262","sub-NDARINVLKNX6HF1","run-03"
"1263","sub-NDARINVLKNX6HF1","run-02"
"1264","sub-NDARINVLKNX6HF1","run-01"
"1265","sub-NDARINVLMFVJWJJ","run-04"
"1266","sub-NDARINVLMFVJWJJ","run-01"
"1267","sub-NDARINVLMFVJWJJ","run-03"
"1268","sub-NDARINVLMFVJWJJ","run-02"
"1269","sub-NDARINVLN7EJAJZ","run-04"
"1270","sub-NDARINVLN7EJAJZ","run-01"
"1271","sub-NDARINVLN7EJAJZ","run-02"
"1272","sub-NDARINVLN9JCZ56","run-04"
"1273","sub-NDARINVLN9JCZ56","run-03"
"1274","sub-NDARINVLN9JCZ56","run-02"
"1275","sub-NDARINVLN9JCZ56","run-01"
"1276","sub-NDARINVLW127JFT","run-04"
"1277","sub-NDARINVLW127JFT","run-01"
"1278","sub-NDARINVLW127JFT","run-02"
"1279","sub-NDARINVLXAZHZFG","run-03"
"1280","sub-NDARINVLXAZHZFG","run-02"
"1281","sub-NDARINVLXAZHZFG","run-01"
"1282","sub-NDARINVM2D7TR38","run-01"
"1283","sub-NDARINVM2D7TR38","run-03"
"1284","sub-NDARINVM2D7TR38","run-02"
"1285","sub-NDARINVM2R7LWZ1","run-04"
"1286","sub-NDARINVM2R7LWZ1","run-03"
"1287","sub-NDARINVM2R7LWZ1","run-02"
"1288","sub-NDARINVM2R7LWZ1","run-01"
"1289","sub-NDARINVM6PPNLBL","run-02"
"1290","sub-NDARINVM6PPNLBL","run-01"
"1291","sub-NDARINVM7FJXJRR","run-04"
"1292","sub-NDARINVM7FJXJRR","run-03"
"1293","sub-NDARINVM7FJXJRR","run-02"
"1294","sub-NDARINVM7FJXJRR","run-01"
"1295","sub-NDARINVMC12A6UB","run-01"
"1296","sub-NDARINVMC12A6UB","run-03"
"1297","sub-NDARINVMC12A6UB","run-02"
"1298","sub-NDARINVMC8MF8RY","run-04"
"1299","sub-NDARINVMC8MF8RY","run-01"
"1300","sub-NDARINVMC8MF8RY","run-03"
"1301","sub-NDARINVMC8MF8RY","run-02"
"1302","sub-NDARINVMDX2NCNW","run-04"
"1303","sub-NDARINVMDX2NCNW","run-01"
"1304","sub-NDARINVMDX2NCNW","run-03"
"1305","sub-NDARINVMDX2NCNW","run-02"
"1306","sub-NDARINVMF6NM996","run-01"
"1307","sub-NDARINVMF6NM996","run-03"
"1308","sub-NDARINVMF6NM996","run-02"
"1309","sub-NDARINVMJ61WEFZ","run-04"
"1310","sub-NDARINVMJ61WEFZ","run-03"
"1311","sub-NDARINVMJ61WEFZ","run-02"
"1312","sub-NDARINVMJ61WEFZ","run-01"
"1313","sub-NDARINVMKC6DKGG","run-04"
"1314","sub-NDARINVMKC6DKGG","run-03"
"1315","sub-NDARINVMKC6DKGG","run-02"
"1316","sub-NDARINVMKC6DKGG","run-01"
"1317","sub-NDARINVMRMZKMZ1","run-04"
"1318","sub-NDARINVMRMZKMZ1","run-01"
"1319","sub-NDARINVMRMZKMZ1","run-03"
"1320","sub-NDARINVMRMZKMZ1","run-02"
"1321","sub-NDARINVMRUCJEH2","run-01"
"1322","sub-NDARINVMRUCJEH2","run-02"
"1323","sub-NDARINVMTJ9G2GT","run-04"
"1324","sub-NDARINVMTJ9G2GT","run-01"
"1325","sub-NDARINVMWH0MZFX","run-03"
"1326","sub-NDARINVMWH0MZFX","run-02"
"1327","sub-NDARINVMWH0MZFX","run-01"
"1328","sub-NDARINVMWHKBMT0","run-04"
"1329","sub-NDARINVMWHKBMT0","run-01"
"1330","sub-NDARINVMWHKBMT0","run-02"
"1331","sub-NDARINVMY1X0RAH","run-04"
"1332","sub-NDARINVMY1X0RAH","run-03"
"1333","sub-NDARINVMY1X0RAH","run-02"
"1334","sub-NDARINVMY1X0RAH","run-01"
"1335","sub-NDARINVMYUC7TV1","run-04"
"1336","sub-NDARINVMYUC7TV1","run-01"
"1337","sub-NDARINVMYUC7TV1","run-03"
"1338","sub-NDARINVMYUC7TV1","run-02"
"1339","sub-NDARINVMZ82F8YP","run-04"
"1340","sub-NDARINVMZ82F8YP","run-01"
"1341","sub-NDARINVMZ82F8YP","run-03"
"1342","sub-NDARINVMZ82F8YP","run-02"
"1343","sub-NDARINVN2TF0U03","run-04"
"1344","sub-NDARINVN2TF0U03","run-03"
"1345","sub-NDARINVN2TF0U03","run-02"
"1346","sub-NDARINVN2TF0U03","run-01"
"1347","sub-NDARINVN542D50W","run-04"
"1348","sub-NDARINVN542D50W","run-01"
"1349","sub-NDARINVN542D50W","run-03"
"1350","sub-NDARINVN542D50W","run-02"
"1351","sub-NDARINVN8V2AN3W","run-04"
"1352","sub-NDARINVN8V2AN3W","run-03"
"1353","sub-NDARINVN8V2AN3W","run-02"
"1354","sub-NDARINVN8V2AN3W","run-01"
"1355","sub-NDARINVN8V7KR39","run-04"
"1356","sub-NDARINVN8V7KR39","run-01"
"1357","sub-NDARINVN8V7KR39","run-02"
"1358","sub-NDARINVN8WMY397","run-02"
"1359","sub-NDARINVN8WMY397","run-01"
"1360","sub-NDARINVNA0JBJZ6","run-04"
"1361","sub-NDARINVNA0JBJZ6","run-01"
"1362","sub-NDARINVNA0JBJZ6","run-03"
"1363","sub-NDARINVNA0JBJZ6","run-02"
"1364","sub-NDARINVNB03VB7J","run-04"
"1365","sub-NDARINVNB03VB7J","run-01"
"1366","sub-NDARINVNB03VB7J","run-03"
"1367","sub-NDARINVNB03VB7J","run-02"
"1368","sub-NDARINVNB7DWNKK","run-04"
"1369","sub-NDARINVNB7DWNKK","run-01"
"1370","sub-NDARINVNB7DWNKK","run-03"
"1371","sub-NDARINVNC7PM9RJ","run-01"
"1372","sub-NDARINVNC7PM9RJ","run-02"
"1373","sub-NDARINVND1UG4ZP","run-03"
"1374","sub-NDARINVND1UG4ZP","run-01"
"1375","sub-NDARINVND1UG4ZP","run-02"
"1376","sub-NDARINVNER12NXX","run-03"
"1377","sub-NDARINVNER12NXX","run-04"
"1378","sub-NDARINVNER12NXX","run-02"
"1379","sub-NDARINVNER12NXX","run-01"
"1380","sub-NDARINVNHN8DBMA","run-02"
"1381","sub-NDARINVNHN8DBMA","run-01"
"1382","sub-NDARINVNJGJ5FRB","run-04"
"1383","sub-NDARINVNJGJ5FRB","run-01"
"1384","sub-NDARINVNJGJ5FRB","run-03"
"1385","sub-NDARINVNJGJ5FRB","run-02"
"1386","sub-NDARINVNJZ90LJV","run-04"
"1387","sub-NDARINVNJZ90LJV","run-01"
"1388","sub-NDARINVNJZ90LJV","run-03"
"1389","sub-NDARINVNJZ90LJV","run-02"
"1390","sub-NDARINVNM81RNFR","run-04"
"1391","sub-NDARINVNM81RNFR","run-01"
"1392","sub-NDARINVNM81RNFR","run-03"
"1393","sub-NDARINVNM81RNFR","run-02"
"1394","sub-NDARINVNU44R23M","run-04"
"1395","sub-NDARINVNU44R23M","run-03"
"1396","sub-NDARINVNU44R23M","run-02"
"1397","sub-NDARINVNU44R23M","run-01"
"1398","sub-NDARINVNX5G08HC","run-01"
"1399","sub-NDARINVNX5G08HC","run-03"
"1400","sub-NDARINVNX5G08HC","run-02"
"1401","sub-NDARINVNXWTX9VX","run-04"
"1402","sub-NDARINVNXWTX9VX","run-01"
"1403","sub-NDARINVNXWTX9VX","run-03"
"1404","sub-NDARINVNXWTX9VX","run-02"
"1405","sub-NDARINVP3MH0EFB","run-04"
"1406","sub-NDARINVP3MH0EFB","run-01"
"1407","sub-NDARINVP3MH0EFB","run-03"
"1408","sub-NDARINVP3MH0EFB","run-02"
"1409","sub-NDARINVP3NFD934","run-04"
"1410","sub-NDARINVP3NFD934","run-03"
"1411","sub-NDARINVP3NFD934","run-01"
"1412","sub-NDARINVP3NFD934","run-02"
"1413","sub-NDARINVP3Z6VCWP","run-04"
"1414","sub-NDARINVP3Z6VCWP","run-01"
"1415","sub-NDARINVP3Z6VCWP","run-03"
"1416","sub-NDARINVP3Z6VCWP","run-02"
"1417","sub-NDARINVP4RP5HAP","run-03"
"1418","sub-NDARINVP4RP5HAP","run-02"
"1419","sub-NDARINVP4RP5HAP","run-01"
"1420","sub-NDARINVP5YNWP3D","run-04"
"1421","sub-NDARINVP5YNWP3D","run-01"
"1422","sub-NDARINVP5YNWP3D","run-02"
"1423","sub-NDARINVP7UFXE5A","run-04"
"1424","sub-NDARINVP7UFXE5A","run-01"
"1425","sub-NDARINVP7UFXE5A","run-03"
"1426","sub-NDARINVP7UFXE5A","run-02"
"1427","sub-NDARINVPA4ZHHGC","run-03"
"1428","sub-NDARINVPA4ZHHGC","run-02"
"1429","sub-NDARINVPA4ZHHGC","run-01"
"1430","sub-NDARINVPC925RZE","run-04"
"1431","sub-NDARINVPC925RZE","run-01"
"1432","sub-NDARINVPC925RZE","run-03"
"1433","sub-NDARINVPC925RZE","run-02"
"1434","sub-NDARINVPDV2UAGX","run-04"
"1435","sub-NDARINVPDV2UAGX","run-01"
"1436","sub-NDARINVPDV2UAGX","run-03"
"1437","sub-NDARINVPDV2UAGX","run-02"
"1438","sub-NDARINVPETWZ0JC","run-04"
"1439","sub-NDARINVPETWZ0JC","run-01"
"1440","sub-NDARINVPETWZ0JC","run-03"
"1441","sub-NDARINVPETWZ0JC","run-02"
"1442","sub-NDARINVPFK4E6YP","run-03"
"1443","sub-NDARINVPFK4E6YP","run-02"
"1444","sub-NDARINVPFK4E6YP","run-01"
"1445","sub-NDARINVPG5HVR50","run-04"
"1446","sub-NDARINVPG5HVR50","run-03"
"1447","sub-NDARINVPG5HVR50","run-02"
"1448","sub-NDARINVPG5HVR50","run-01"
"1449","sub-NDARINVPH3LCEGR","run-04"
"1450","sub-NDARINVPH3LCEGR","run-01"
"1451","sub-NDARINVPH3LCEGR","run-02"
"1452","sub-NDARINVPMC2DEDN","run-03"
"1453","sub-NDARINVPMC2DEDN","run-02"
"1454","sub-NDARINVPMC2DEDN","run-01"
"1455","sub-NDARINVPMWGZ7G1","run-04"
"1456","sub-NDARINVPMWGZ7G1","run-03"
"1457","sub-NDARINVPMWGZ7G1","run-02"
"1458","sub-NDARINVPMWGZ7G1","run-01"
"1459","sub-NDARINVPNMUGJ4F","run-04"
"1460","sub-NDARINVPNMUGJ4F","run-01"
"1461","sub-NDARINVPNMUGJ4F","run-03"
"1462","sub-NDARINVPNMUGJ4F","run-02"
"1463","sub-NDARINVPPTGWLKJ","run-04"
"1464","sub-NDARINVPPTGWLKJ","run-01"
"1465","sub-NDARINVPPTGWLKJ","run-03"
"1466","sub-NDARINVPPTGWLKJ","run-02"
"1467","sub-NDARINVPTM61L43","run-04"
"1468","sub-NDARINVPTM61L43","run-03"
"1469","sub-NDARINVPTM61L43","run-02"
"1470","sub-NDARINVPTM61L43","run-01"
"1471","sub-NDARINVR0J4APPX","run-03"
"1472","sub-NDARINVR0J4APPX","run-02"
"1473","sub-NDARINVR0J4APPX","run-01"
"1474","sub-NDARINVR2EMBDV7","run-01"
"1475","sub-NDARINVR2EMBDV7","run-02"
"1476","sub-NDARINVR5EL81TR","run-03"
"1477","sub-NDARINVR5EL81TR","run-02"
"1478","sub-NDARINVR5EL81TR","run-01"
"1479","sub-NDARINVR5UHTTD8","run-04"
"1480","sub-NDARINVR5UHTTD8","run-01"
"1481","sub-NDARINVR5UHTTD8","run-03"
"1482","sub-NDARINVR5UHTTD8","run-02"
"1483","sub-NDARINVR6HHHKR9","run-03"
"1484","sub-NDARINVR6HHHKR9","run-02"
"1485","sub-NDARINVR6HHHKR9","run-01"
"1486","sub-NDARINVR9ACLAJX","run-01"
"1487","sub-NDARINVR9ACLAJX","run-03"
"1488","sub-NDARINVR9ACLAJX","run-02"
"1489","sub-NDARINVRAR30NKY","run-04"
"1490","sub-NDARINVRAR30NKY","run-01"
"1491","sub-NDARINVRAR30NKY","run-03"
"1492","sub-NDARINVRAR30NKY","run-02"
"1493","sub-NDARINVRCE62M22","run-03"
"1494","sub-NDARINVRCE62M22","run-02"
"1495","sub-NDARINVRCE62M22","run-01"
"1496","sub-NDARINVRDMA0DZT","run-04"
"1497","sub-NDARINVRDMA0DZT","run-01"
"1498","sub-NDARINVRDMA0DZT","run-02"
"1499","sub-NDARINVREMB1VEK","run-04"
"1500","sub-NDARINVREMB1VEK","run-03"
"1501","sub-NDARINVREMB1VEK","run-02"
"1502","sub-NDARINVREMB1VEK","run-01"
"1503","sub-NDARINVRF70B79M","run-04"
"1504","sub-NDARINVRF70B79M","run-02"
"1505","sub-NDARINVRF70B79M","run-01"
"1506","sub-NDARINVRFZCD1EJ","run-04"
"1507","sub-NDARINVRFZCD1EJ","run-01"
"1508","sub-NDARINVRFZCD1EJ","run-03"
"1509","sub-NDARINVRFZCD1EJ","run-02"
"1510","sub-NDARINVRLV2KEJP","run-04"
"1511","sub-NDARINVRLV2KEJP","run-01"
"1512","sub-NDARINVRLV2KEJP","run-02"
"1513","sub-NDARINVRPED5RXE","run-05"
"1514","sub-NDARINVRPED5RXE","run-03"
"1515","sub-NDARINVRPED5RXE","run-04"
"1516","sub-NDARINVRPED5RXE","run-02"
"1517","sub-NDARINVRRUM0E9U","run-05"
"1518","sub-NDARINVRRUM0E9U","run-03"
"1519","sub-NDARINVRRUM0E9U","run-04"
"1520","sub-NDARINVRRUM0E9U","run-02"
"1521","sub-NDARINVRTDH8349","run-04"
"1522","sub-NDARINVRTDH8349","run-01"
"1523","sub-NDARINVRTDH8349","run-03"
"1524","sub-NDARINVRTDH8349","run-02"
"1525","sub-NDARINVRU3LYZZF","run-03"
"1526","sub-NDARINVRU3LYZZF","run-02"
"1527","sub-NDARINVRU3LYZZF","run-01"
"1528","sub-NDARINVRV23D3UV","run-04"
"1529","sub-NDARINVRV23D3UV","run-03"
"1530","sub-NDARINVRV23D3UV","run-02"
"1531","sub-NDARINVRV23D3UV","run-01"
"1532","sub-NDARINVRW8AFCLZ","run-01"
"1533","sub-NDARINVRW8AFCLZ","run-03"
"1534","sub-NDARINVRW8AFCLZ","run-02"
"1535","sub-NDARINVRXKGP8CG","run-04"
"1536","sub-NDARINVRXKGP8CG","run-03"
"1537","sub-NDARINVRXKGP8CG","run-02"
"1538","sub-NDARINVRXKGP8CG","run-01"
"1539","sub-NDARINVRZAM8ZX0","run-02"
"1540","sub-NDARINVRZAM8ZX0","run-01"
"1541","sub-NDARINVT0HER3DK","run-01"
"1542","sub-NDARINVT0HER3DK","run-03"
"1543","sub-NDARINVT0HER3DK","run-02"
"1544","sub-NDARINVT12VNXF2","run-04"
"1545","sub-NDARINVT12VNXF2","run-01"
"1546","sub-NDARINVT12VNXF2","run-03"
"1547","sub-NDARINVT2JT596H","run-04"
"1548","sub-NDARINVT2JT596H","run-01"
"1549","sub-NDARINVT2JT596H","run-03"
"1550","sub-NDARINVT2JT596H","run-02"
"1551","sub-NDARINVT61FZXTW","run-04"
"1552","sub-NDARINVT61FZXTW","run-03"
"1553","sub-NDARINVT61FZXTW","run-01"
"1554","sub-NDARINVT61FZXTW","run-02"
"1555","sub-NDARINVT8HC1Z30","run-04"
"1556","sub-NDARINVT8HC1Z30","run-01"
"1557","sub-NDARINVT8HC1Z30","run-03"
"1558","sub-NDARINVT8HC1Z30","run-02"
"1559","sub-NDARINVT90P7NTW","run-04"
"1560","sub-NDARINVT90P7NTW","run-03"
"1561","sub-NDARINVT90P7NTW","run-02"
"1562","sub-NDARINVT90P7NTW","run-01"
"1563","sub-NDARINVTAT7LM08","run-04"
"1564","sub-NDARINVTAT7LM08","run-03"
"1565","sub-NDARINVTAT7LM08","run-02"
"1566","sub-NDARINVTAT7LM08","run-01"
"1567","sub-NDARINVTDCECT0D","run-04"
"1568","sub-NDARINVTDCECT0D","run-01"
"1569","sub-NDARINVTDCECT0D","run-03"
"1570","sub-NDARINVTDCECT0D","run-02"
"1571","sub-NDARINVTFBZR8TN","run-03"
"1572","sub-NDARINVTFBZR8TN","run-02"
"1573","sub-NDARINVTFBZR8TN","run-01"
"1574","sub-NDARINVTH0VHX42","run-04"
"1575","sub-NDARINVTH0VHX42","run-03"
"1576","sub-NDARINVTH0VHX42","run-02"
"1577","sub-NDARINVTH0VHX42","run-01"
"1578","sub-NDARINVTK6XY92L","run-04"
"1579","sub-NDARINVTK6XY92L","run-03"
"1580","sub-NDARINVTK6XY92L","run-02"
"1581","sub-NDARINVTK6XY92L","run-01"
"1582","sub-NDARINVTLFCPMY2","run-01"
"1583","sub-NDARINVTLFCPMY2","run-03"
"1584","sub-NDARINVTLFCPMY2","run-02"
"1585","sub-NDARINVTP3NTJB0","run-04"
"1586","sub-NDARINVTP3NTJB0","run-01"
"1587","sub-NDARINVTP3NTJB0","run-03"
"1588","sub-NDARINVTP3NTJB0","run-02"
"1589","sub-NDARINVTRGFZFT8","run-03"
"1590","sub-NDARINVTRGFZFT8","run-02"
"1591","sub-NDARINVTRGFZFT8","run-01"
"1592","sub-NDARINVTW72EVWM","run-04"
"1593","sub-NDARINVTW72EVWM","run-03"
"1594","sub-NDARINVTW72EVWM","run-02"
"1595","sub-NDARINVTW72EVWM","run-01"
"1596","sub-NDARINVTWRJGVKX","run-04"
"1597","sub-NDARINVTWRJGVKX","run-03"
"1598","sub-NDARINVTWRJGVKX","run-01"
"1599","sub-NDARINVTWRJGVKX","run-02"
"1600","sub-NDARINVTXGL96R1","run-04"
"1601","sub-NDARINVTXGL96R1","run-03"
"1602","sub-NDARINVTXGL96R1","run-02"
"1603","sub-NDARINVTXGL96R1","run-01"
"1604","sub-NDARINVTYLXLE83","run-02"
"1605","sub-NDARINVTYLXLE83","run-01"
"1606","sub-NDARINVTZCLUNW2","run-01"
"1607","sub-NDARINVTZCLUNW2","run-03"
"1608","sub-NDARINVTZCLUNW2","run-02"
"1609","sub-NDARINVU103BUTM","run-04"
"1610","sub-NDARINVU103BUTM","run-01"
"1611","sub-NDARINVU103BUTM","run-03"
"1612","sub-NDARINVU103BUTM","run-02"
"1613","sub-NDARINVU5KBVWZD","run-03"
"1614","sub-NDARINVU5KBVWZD","run-02"
"1615","sub-NDARINVU5KBVWZD","run-01"
"1616","sub-NDARINVU61CF84L","run-04"
"1617","sub-NDARINVU61CF84L","run-01"
"1618","sub-NDARINVU61CF84L","run-03"
"1619","sub-NDARINVU61CF84L","run-02"
"1620","sub-NDARINVU6BEGBDR","run-04"
"1621","sub-NDARINVU6BEGBDR","run-01"
"1622","sub-NDARINVU6BEGBDR","run-03"
"1623","sub-NDARINVU6BEGBDR","run-02"
"1624","sub-NDARINVU80WLNR2","run-04"
"1625","sub-NDARINVU80WLNR2","run-01"
"1626","sub-NDARINVU80WLNR2","run-03"
"1627","sub-NDARINVU80WLNR2","run-02"
"1628","sub-NDARINVUBVPEW11","run-03"
"1629","sub-NDARINVUBVPEW11","run-02"
"1630","sub-NDARINVUBVPEW11","run-01"
"1631","sub-NDARINVUDXAL2AW","run-04"
"1632","sub-NDARINVUDXAL2AW","run-01"
"1633","sub-NDARINVUDXAL2AW","run-03"
"1634","sub-NDARINVUDXAL2AW","run-02"
"1635","sub-NDARINVUEVZC0HH","run-04"
"1636","sub-NDARINVUEVZC0HH","run-01"
"1637","sub-NDARINVUEVZC0HH","run-03"
"1638","sub-NDARINVUEVZC0HH","run-02"
"1639","sub-NDARINVUEZLMURY","run-04"
"1640","sub-NDARINVUEZLMURY","run-01"
"1641","sub-NDARINVUEZLMURY","run-03"
"1642","sub-NDARINVUEZLMURY","run-02"
"1643","sub-NDARINVUFVGYBER","run-04"
"1644","sub-NDARINVUFVGYBER","run-03"
"1645","sub-NDARINVUFVGYBER","run-02"
"1646","sub-NDARINVUFVGYBER","run-01"
"1647","sub-NDARINVUHT34WP1","run-04"
"1648","sub-NDARINVUHT34WP1","run-01"
"1649","sub-NDARINVUHT34WP1","run-03"
"1650","sub-NDARINVUHT34WP1","run-02"
"1651","sub-NDARINVUKEHKCA6","run-03"
"1652","sub-NDARINVUKEHKCA6","run-02"
"1653","sub-NDARINVUKEHKCA6","run-01"
"1654","sub-NDARINVUKT3Y1U0","run-01"
"1655","sub-NDARINVUKT3Y1U0","run-02"
"1656","sub-NDARINVURJ3XK7W","run-04"
"1657","sub-NDARINVURJ3XK7W","run-03"
"1658","sub-NDARINVURJ3XK7W","run-02"
"1659","sub-NDARINVURJ3XK7W","run-01"
"1660","sub-NDARINVURPDWTVH","run-04"
"1661","sub-NDARINVURPDWTVH","run-01"
"1662","sub-NDARINVURPDWTVH","run-03"
"1663","sub-NDARINVURPDWTVH","run-02"
"1664","sub-NDARINVUU8N2C5P","run-04"
"1665","sub-NDARINVUU8N2C5P","run-03"
"1666","sub-NDARINVUU8N2C5P","run-02"
"1667","sub-NDARINVUU8N2C5P","run-01"
"1668","sub-NDARINVUWRM3PWZ","run-03"
"1669","sub-NDARINVUWRM3PWZ","run-01"
"1670","sub-NDARINVUWTWYGD1","run-03"
"1671","sub-NDARINVUWTWYGD1","run-02"
"1672","sub-NDARINVUWTWYGD1","run-01"
"1673","sub-NDARINVUX8RG3BK","run-04"
"1674","sub-NDARINVUX8RG3BK","run-01"
"1675","sub-NDARINVUX8RG3BK","run-03"
"1676","sub-NDARINVUX8RG3BK","run-02"
"1677","sub-NDARINVV0L5J7B4","run-04"
"1678","sub-NDARINVV0L5J7B4","run-01"
"1679","sub-NDARINVV0L5J7B4","run-03"
"1680","sub-NDARINVV0L5J7B4","run-02"
"1681","sub-NDARINVV36RW8GC","run-04"
"1682","sub-NDARINVV36RW8GC","run-01"
"1683","sub-NDARINVV36RW8GC","run-03"
"1684","sub-NDARINVV36RW8GC","run-02"
"1685","sub-NDARINVV6KFJX12","run-04"
"1686","sub-NDARINVV6KFJX12","run-02"
"1687","sub-NDARINVV6KFJX12","run-03"
"1688","sub-NDARINVV6KFJX12","run-01"
"1689","sub-NDARINVV7KNVTFG","run-05"
"1690","sub-NDARINVV7KNVTFG","run-03"
"1691","sub-NDARINVV7KNVTFG","run-04"
"1692","sub-NDARINVV7KNVTFG","run-02"
"1693","sub-NDARINVV9BM1RB5","run-04"
"1694","sub-NDARINVV9BM1RB5","run-01"
"1695","sub-NDARINVV9BM1RB5","run-03"
"1696","sub-NDARINVV9BM1RB5","run-02"
"1697","sub-NDARINVVD3KF4HE","run-04"
"1698","sub-NDARINVVD3KF4HE","run-01"
"1699","sub-NDARINVVD3KF4HE","run-03"
"1700","sub-NDARINVVD3KF4HE","run-02"
"1701","sub-NDARINVVGLF61WZ","run-04"
"1702","sub-NDARINVVGLF61WZ","run-02"
"1703","sub-NDARINVVGLF61WZ","run-01"
"1704","sub-NDARINVVHUHUPY6","run-04"
"1705","sub-NDARINVVHUHUPY6","run-01"
"1706","sub-NDARINVVHUHUPY6","run-03"
"1707","sub-NDARINVVHUHUPY6","run-02"
"1708","sub-NDARINVVK4U0K21","run-01"
"1709","sub-NDARINVVK4U0K21","run-02"
"1710","sub-NDARINVVK4U0K21","run-03"
"1711","sub-NDARINVVK4U0K21","run-04"
"1712","sub-NDARINVVLDYPNLT","run-04"
"1713","sub-NDARINVVLDYPNLT","run-01"
"1714","sub-NDARINVVLDYPNLT","run-03"
"1715","sub-NDARINVVLDYPNLT","run-02"
"1716","sub-NDARINVVP45XG3A","run-04"
"1717","sub-NDARINVVP45XG3A","run-01"
"1718","sub-NDARINVVP45XG3A","run-02"
"1719","sub-NDARINVVR0KF4XT","run-04"
"1720","sub-NDARINVVR0KF4XT","run-01"
"1721","sub-NDARINVVR0KF4XT","run-03"
"1722","sub-NDARINVVR0KF4XT","run-02"
"1723","sub-NDARINVVZ37D2G7","run-03"
"1724","sub-NDARINVVZ37D2G7","run-02"
"1725","sub-NDARINVVZ37D2G7","run-01"
"1726","sub-NDARINVVZJC6YFE","run-03"
"1727","sub-NDARINVVZJC6YFE","run-02"
"1728","sub-NDARINVVZJC6YFE","run-01"
"1729","sub-NDARINVW17VYJ0L","run-04"
"1730","sub-NDARINVW17VYJ0L","run-01"
"1731","sub-NDARINVW17VYJ0L","run-03"
"1732","sub-NDARINVW17VYJ0L","run-02"
"1733","sub-NDARINVW4JM1V5R","run-04"
"1734","sub-NDARINVW4JM1V5R","run-01"
"1735","sub-NDARINVW4JM1V5R","run-03"
"1736","sub-NDARINVW4JM1V5R","run-02"
"1737","sub-NDARINVW5JAWZYH","run-04"
"1738","sub-NDARINVW5JAWZYH","run-01"
"1739","sub-NDARINVW5JAWZYH","run-03"
"1740","sub-NDARINVW5JAWZYH","run-02"
"1741","sub-NDARINVWAE6MMYC","run-04"
"1742","sub-NDARINVWAE6MMYC","run-01"
"1743","sub-NDARINVWAE6MMYC","run-03"
"1744","sub-NDARINVWAE6MMYC","run-02"
"1745","sub-NDARINVWAVA878R","run-04"
"1746","sub-NDARINVWAVA878R","run-03"
"1747","sub-NDARINVWAVA878R","run-02"
"1748","sub-NDARINVWAVA878R","run-01"
"1749","sub-NDARINVWEV9M1BE","run-04"
"1750","sub-NDARINVWEV9M1BE","run-01"
"1751","sub-NDARINVWEV9M1BE","run-03"
"1752","sub-NDARINVWEV9M1BE","run-02"
"1753","sub-NDARINVWKC5ATFL","run-01"
"1754","sub-NDARINVWKC5ATFL","run-03"
"1755","sub-NDARINVWKC5ATFL","run-02"
"1756","sub-NDARINVWLGJB3DZ","run-04"
"1757","sub-NDARINVWLGJB3DZ","run-03"
"1758","sub-NDARINVWLGJB3DZ","run-02"
"1759","sub-NDARINVWLGJB3DZ","run-01"
"1760","sub-NDARINVWLMWBF2W","run-04"
"1761","sub-NDARINVWLMWBF2W","run-03"
"1762","sub-NDARINVWLMWBF2W","run-01"
"1763","sub-NDARINVWLMWBF2W","run-02"
"1764","sub-NDARINVWNBZJPCU","run-04"
"1765","sub-NDARINVWNBZJPCU","run-01"
"1766","sub-NDARINVWNBZJPCU","run-03"
"1767","sub-NDARINVWNBZJPCU","run-02"
"1768","sub-NDARINVWT40ZG52","run-04"
"1769","sub-NDARINVWT40ZG52","run-01"
"1770","sub-NDARINVWT40ZG52","run-03"
"1771","sub-NDARINVWT40ZG52","run-02"
"1772","sub-NDARINVWVMTXLEH","run-04"
"1773","sub-NDARINVWVMTXLEH","run-02"
"1774","sub-NDARINVWVMTXLEH","run-03"
"1775","sub-NDARINVWVMTXLEH","run-01"
"1776","sub-NDARINVWY0RDFB7","run-03"
"1777","sub-NDARINVWY0RDFB7","run-02"
"1778","sub-NDARINVWY0RDFB7","run-01"
"1779","sub-NDARINVWYH5Z4YR","run-04"
"1780","sub-NDARINVWYH5Z4YR","run-01"
"1781","sub-NDARINVWYH5Z4YR","run-03"
"1782","sub-NDARINVWYH5Z4YR","run-02"
"1783","sub-NDARINVWYN5XJBL","run-04"
"1784","sub-NDARINVWYN5XJBL","run-01"
"1785","sub-NDARINVWYN5XJBL","run-03"
"1786","sub-NDARINVWYN5XJBL","run-02"
"1787","sub-NDARINVX0YRUY7C","run-04"
"1788","sub-NDARINVX0YRUY7C","run-03"
"1789","sub-NDARINVX14LJX8Z","run-04"
"1790","sub-NDARINVX14LJX8Z","run-03"
"1791","sub-NDARINVX14LJX8Z","run-02"
"1792","sub-NDARINVX3GM1J59","run-03"
"1793","sub-NDARINVX3GM1J59","run-02"
"1794","sub-NDARINVX3GM1J59","run-01"
"1795","sub-NDARINVX51FDNHV","run-01"
"1796","sub-NDARINVX51FDNHV","run-04"
"1797","sub-NDARINVX51FDNHV","run-03"
"1798","sub-NDARINVX51FDNHV","run-02"
"1799","sub-NDARINVX7VT1MFY","run-01"
"1800","sub-NDARINVX7VT1MFY","run-04"
"1801","sub-NDARINVX7VT1MFY","run-03"
"1802","sub-NDARINVX7VT1MFY","run-02"
"1803","sub-NDARINVX8CRJYVP","run-04"
"1804","sub-NDARINVX8CRJYVP","run-03"
"1805","sub-NDARINVX8CRJYVP","run-02"
"1806","sub-NDARINVX8CRJYVP","run-01"
"1807","sub-NDARINVXARP4RCG","run-04"
"1808","sub-NDARINVXARP4RCG","run-03"
"1809","sub-NDARINVXARP4RCG","run-02"
"1810","sub-NDARINVXARP4RCG","run-01"
"1811","sub-NDARINVXAV4KY99","run-04"
"1812","sub-NDARINVXAV4KY99","run-03"
"1813","sub-NDARINVXAV4KY99","run-02"
"1814","sub-NDARINVXAV4KY99","run-01"
"1815","sub-NDARINVXBX1H8JJ","run-01"
"1816","sub-NDARINVXBX1H8JJ","run-03"
"1817","sub-NDARINVXBX1H8JJ","run-02"
"1818","sub-NDARINVXCP03V21","run-04"
"1819","sub-NDARINVXCP03V21","run-01"
"1820","sub-NDARINVXCP03V21","run-03"
"1821","sub-NDARINVXCP03V21","run-02"
"1822","sub-NDARINVXDVDZNFB","run-04"
"1823","sub-NDARINVXDVDZNFB","run-03"
"1824","sub-NDARINVXDVDZNFB","run-02"
"1825","sub-NDARINVXEG4M9UL","run-04"
"1826","sub-NDARINVXEG4M9UL","run-01"
"1827","sub-NDARINVXEG4M9UL","run-03"
"1828","sub-NDARINVXEG4M9UL","run-02"
"1829","sub-NDARINVXGZGF8TM","run-04"
"1830","sub-NDARINVXGZGF8TM","run-03"
"1831","sub-NDARINVXGZGF8TM","run-02"
"1832","sub-NDARINVXGZGF8TM","run-01"
"1833","sub-NDARINVXHZL9KN7","run-04"
"1834","sub-NDARINVXHZL9KN7","run-01"
"1835","sub-NDARINVXHZL9KN7","run-03"
"1836","sub-NDARINVXHZL9KN7","run-02"
"1837","sub-NDARINVXL4DGB3P","run-04"
"1838","sub-NDARINVXL4DGB3P","run-01"
"1839","sub-NDARINVXL4DGB3P","run-03"
"1840","sub-NDARINVXL4DGB3P","run-02"
"1841","sub-NDARINVXPH3884U","run-04"
"1842","sub-NDARINVXPH3884U","run-01"
"1843","sub-NDARINVXPH3884U","run-03"
"1844","sub-NDARINVXPH3884U","run-02"
"1845","sub-NDARINVXTBCPTH4","run-04"
"1846","sub-NDARINVXTBCPTH4","run-01"
"1847","sub-NDARINVXTBCPTH4","run-03"
"1848","sub-NDARINVXTBCPTH4","run-02"
"1849","sub-NDARINVXUKXXT12","run-04"
"1850","sub-NDARINVXUKXXT12","run-01"
"1851","sub-NDARINVXUKXXT12","run-03"
"1852","sub-NDARINVXUKXXT12","run-02"
"1853","sub-NDARINVXV7ACNJ4","run-04"
"1854","sub-NDARINVXV7ACNJ4","run-03"
"1855","sub-NDARINVXV7ACNJ4","run-02"
"1856","sub-NDARINVXV7ACNJ4","run-01"
"1857","sub-NDARINVXVA5ENX1","run-04"
"1858","sub-NDARINVXVA5ENX1","run-01"
"1859","sub-NDARINVXVA5ENX1","run-03"
"1860","sub-NDARINVXVA5ENX1","run-02"
"1861","sub-NDARINVXXKJDH17","run-03"
"1862","sub-NDARINVXXKJDH17","run-02"
"1863","sub-NDARINVXXKJDH17","run-01"
"1864","sub-NDARINVY2EP0J7T","run-04"
"1865","sub-NDARINVY2EP0J7T","run-01"
"1866","sub-NDARINVY2EP0J7T","run-03"
"1867","sub-NDARINVY2EP0J7T","run-02"
"1868","sub-NDARINVY5TT545M","run-05"
"1869","sub-NDARINVY5TT545M","run-03"
"1870","sub-NDARINVY5TT545M","run-04"
"1871","sub-NDARINVY5TT545M","run-01"
"1872","sub-NDARINVYDEWFLED","run-05"
"1873","sub-NDARINVYDEWFLED","run-04"
"1874","sub-NDARINVYDEWFLED","run-02"
"1875","sub-NDARINVYDEWFLED","run-01"
"1876","sub-NDARINVYFEYLAJN","run-04"
"1877","sub-NDARINVYFEYLAJN","run-01"
"1878","sub-NDARINVYFEYLAJN","run-03"
"1879","sub-NDARINVYFEYLAJN","run-02"
"1880","sub-NDARINVYFW72521","run-04"
"1881","sub-NDARINVYFW72521","run-01"
"1882","sub-NDARINVYFW72521","run-03"
"1883","sub-NDARINVYFW72521","run-02"
"1884","sub-NDARINVYJA9K9F8","run-04"
"1885","sub-NDARINVYJA9K9F8","run-01"
"1886","sub-NDARINVYJA9K9F8","run-03"
"1887","sub-NDARINVYJA9K9F8","run-02"
"1888","sub-NDARINVYM9J1XYN","run-04"
"1889","sub-NDARINVYM9J1XYN","run-01"
"1890","sub-NDARINVYM9J1XYN","run-03"
"1891","sub-NDARINVYM9J1XYN","run-02"
"1892","sub-NDARINVYR1LYX8E","run-04"
"1893","sub-NDARINVYR1LYX8E","run-01"
"1894","sub-NDARINVYR1LYX8E","run-03"
"1895","sub-NDARINVYR1LYX8E","run-02"
"1896","sub-NDARINVYRZULCBY","run-04"
"1897","sub-NDARINVYRZULCBY","run-01"
"1898","sub-NDARINVYRZULCBY","run-03"
"1899","sub-NDARINVYRZULCBY","run-02"
"1900","sub-NDARINVYTKHPZDU","run-04"
"1901","sub-NDARINVYTKHPZDU","run-01"
"1902","sub-NDARINVYTKHPZDU","run-03"
"1903","sub-NDARINVYTKHPZDU","run-02"
"1904","sub-NDARINVYXFTUKDF","run-04"
"1905","sub-NDARINVYXFTUKDF","run-01"
"1906","sub-NDARINVYXFTUKDF","run-03"
"1907","sub-NDARINVYXFTUKDF","run-02"
"1908","sub-NDARINVYZPP72NK","run-04"
"1909","sub-NDARINVYZPP72NK","run-01"
"1910","sub-NDARINVYZPP72NK","run-02"
"1911","sub-NDARINVZ02PLW9B","run-04"
"1912","sub-NDARINVZ02PLW9B","run-01"
"1913","sub-NDARINVZ02PLW9B","run-03"
"1914","sub-NDARINVZ02PLW9B","run-02"
"1915","sub-NDARINVZ4DPYEX3","run-04"
"1916","sub-NDARINVZ4DPYEX3","run-03"
"1917","sub-NDARINVZ4DPYEX3","run-02"
"1918","sub-NDARINVZ4DPYEX3","run-01"
"1919","sub-NDARINVZB0WCRDU","run-04"
"1920","sub-NDARINVZB0WCRDU","run-01"
"1921","sub-NDARINVZB0WCRDU","run-03"
"1922","sub-NDARINVZB0WCRDU","run-02"
"1923","sub-NDARINVZCF2KY2L","run-04"
"1924","sub-NDARINVZCF2KY2L","run-01"
"1925","sub-NDARINVZCF2KY2L","run-03"
"1926","sub-NDARINVZCF2KY2L","run-02"
"1927","sub-NDARINVZDLAWZZL","run-04"
"1928","sub-NDARINVZDLAWZZL","run-01"
"1929","sub-NDARINVZDLAWZZL","run-02"
"1930","sub-NDARINVZF1WFHR3","run-01"
"1931","sub-NDARINVZF1WFHR3","run-02"
"1932","sub-NDARINVZF8VDCAF","run-04"
"1933","sub-NDARINVZF8VDCAF","run-01"
"1934","sub-NDARINVZF8VDCAF","run-03"
"1935","sub-NDARINVZF8VDCAF","run-02"
"1936","sub-NDARINVZJ1WJ57J","run-03"
"1937","sub-NDARINVZJ1WJ57J","run-02"
"1938","sub-NDARINVZJ1WJ57J","run-01"
"1939","sub-NDARINVZJUBWF3F","run-04"
"1940","sub-NDARINVZJUBWF3F","run-01"
"1941","sub-NDARINVZJUBWF3F","run-03"
"1942","sub-NDARINVZJUBWF3F","run-02"
"1943","sub-NDARINVZLP46GRP","run-05"
"1944","sub-NDARINVZLP46GRP","run-03"
"1945","sub-NDARINVZLP46GRP","run-02"
"1946","sub-NDARINVZLP46GRP","run-01"
"1947","sub-NDARINVZV54BWRE","run-04"
"1948","sub-NDARINVZV54BWRE","run-02"
"1949","sub-NDARINVZV54BWRE","run-01"
"1950","sub-NDARINVZZNX6W2P","run-04"
"1951","sub-NDARINVZZNX6W2P","run-01"
"1952","sub-NDARINVZZNX6W2P","run-03"
"1953","sub-NDARINVZZNX6W2P","run-02"
"1954","sub-NDARINV8EM420D1","run-04"
"1955","sub-NDARINV8EM420D1","run-03"
"1956","sub-NDARINV8EM420D1","run-02"
"1957","sub-NDARINV8EM420D1","run-01"
"1958","sub-NDARINVLZRHC6A5","run-04"
"1959","sub-NDARINVLZRHC6A5","run-03"
"1960","sub-NDARINVLZRHC6A5","run-02"
"1961","sub-NDARINVLZRHC6A5","run-01"
"1962","sub-NDARINVRN6LY8RU","run-04"
"1963","sub-NDARINVRN6LY8RU","run-01"
"1964","sub-NDARINVRN6LY8RU","run-03"
"1965","sub-NDARINVRN6LY8RU","run-02"
